obs,spcode,name,date,rep,subrep,subpicture,type,nb.leaves,nb.leaves.num,photo#,date measured,total area,leaf area,dry mass,SLA,comment
239,MUECOM,Muehlenbeckia complexa,29-Nov,4,a,,leaves,5        ,5.0000,IMG_1485,29-Nov,,,,,iphone
239,MUECOM,Muehlenbeckia complexa,29-Nov,4,b,,leaves,6        ,6.0000,IMG_1488,29-Nov,,,,,
1,MUECOM,Muehlenbeckia complexa,29-Nov,5,,,leaves,8        ,8.0000,IMG_1491,29-Nov,,,,,iphone
2,MUECOM,Muehlenbeckia complexa,29-Nov,6,,,leaves,9        ,9.0000,IMG_1493,29-Nov,,,,,iphone
3,MUECOM,Muehlenbeckia complexa,29-Nov,7,a,,leaves,10        ,10.0000,IMG_1496,29-Nov,,,,,iphone
3,MUECOM,Muehlenbeckia complexa,29-Nov,7,b,,leaves,5        ,5.0000,IMG_1498,29-Nov,,,,,
4,MUECOM,Muehlenbeckia complexa,29-Nov,8,,,leaves,10        ,10.0000,266,1-Dec,,,,,
5,MUECOM,Muehlenbeckia complexa,29-Nov,9,,,leaves,17        ,17.0000,267,2-Dec,,,,,
6,MUECOM,Muehlenbeckia complexa,29-Nov,10,,,leaves,12        ,12.0000,IMG_1503,29-Nov,,,,,iphone
7,POLOCU,Polystichum oculatum,29-Nov,1,a,1,leaflet,   1/3  ,0.3333,499,10-Dec,,,,,
7,POLOCU,Polystichum oculatum,29-Nov,1,a,2,leaflet,   1/3  ,0.3333,500,10-Dec,,,,,
7,POLOCU,Polystichum oculatum,29-Nov,1,b,,stems,   1/3  ,0.3333,502,10-Dec,,,,,
8,POLOCU,Polystichum oculatum,29-Nov,2,a,1,leaves,   1/9  ,0.1111,598,13-Dec,,,,,
8,POLOCU,Polystichum oculatum,29-Nov,2,a,2,leaves,   1/9  ,0.1111,599,13-Dec,,,,,
8,POLOCU,Polystichum oculatum,29-Nov,2,a,3,leaves,   1/9  ,0.1111,601,13-Dec,,,,,
8,POLOCU,Polystichum oculatum,29-Nov,2,a,4,leaves,   1/9  ,0.1111,602,13-Dec,,,,,
8,POLOCU,Polystichum oculatum,29-Nov,2,a,5,leaves,   1/9  ,0.1111,603,13-Dec,,,,,
8,POLOCU,Polystichum oculatum,29-Nov,2,a,6,leaves,   1/9  ,0.1111,605,13-Dec,,,,,
8,POLOCU,Polystichum oculatum,29-Nov,2,a,7,leaves,   1/9  ,0.1111,607,13-Dec,,,,,
8,POLOCU,Polystichum oculatum,29-Nov,2,b,1,?,   1/9  ,0.1111,608,13-Dec,,,,,
8,POLOCU,Polystichum oculatum,29-Nov,2,b,2,?,   1/9  ,0.1111,610,13-Dec,,,,,
9,POLOCU,Polystichum oculatum,29-Nov,3,a,1,leaves,   1/8  ,0.1250,285,2-Dec,,,,,
9,POLOCU,Polystichum oculatum,29-Nov,3,a,2,leaves,   1/8  ,0.1250,284,2-Dec,,,,,
9,POLOCU,Polystichum oculatum,29-Nov,3,a,3,leaves,   1/8  ,0.1250,282,2-Dec,,,,,
9,POLOCU,Polystichum oculatum,29-Nov,3,a,4,leaves,   1/8  ,0.1250,280,2-Dec,,,,,
9,POLOCU,Polystichum oculatum,29-Nov,3,a,5,leaves,   1/8  ,0.1250,278,2-Dec,,,,,
9,POLOCU,Polystichum oculatum,29-Nov,3,a,6,leaves,   1/8  ,0.1250,276,2-Dec,,,,,
9,POLOCU,Polystichum oculatum,29-Nov,3,a,7,leaves,   1/8  ,0.1250,274,2-Dec,,,,,
9,POLOCU,Polystichum oculatum,29-Nov,3,b,,petiolas,   1/8  ,0.1250,286,2-Dec,,,,,
10,POLOCU,Polystichum oculatum,29-Nov,4,a,1,leaflet,   1/3  ,0.3333,503,10-Dec,,,,,
10,POLOCU,Polystichum oculatum,29-Nov,4,a,2,leaflet,   1/3  ,0.3333,506,10-Dec,,,,,
10,POLOCU,Polystichum oculatum,29-Nov,4,b,,stems,   1/3  ,0.3333,508,10-Dec,,,,,
11,POLOCU,Polystichum oculatum,29-Nov,5,a1,1,leaves,   1/11 ,0.0909,241,1-Dec,,,,,
11,POLOCU,Polystichum oculatum,29-Nov,5,a1,2,leaves,   1/11 ,0.0909,246,1-Dec,,,,,
11,POLOCU,Polystichum oculatum,29-Nov,5,a1,3,leaves,   1/11 ,0.0909,250,1-Dec,,,,,
11,POLOCU,Polystichum oculatum,29-Nov,5,b2,4,leaves,   1/11 ,0.0909,253,1-Dec,,,,,
11,POLOCU,Polystichum oculatum,29-Nov,5,b2,5,leaves,   1/11 ,0.0909,255,1-Dec,,,,,
11,POLOCU,Polystichum oculatum,29-Nov,5,b2,6,leaves,   1/11 ,0.0909,258,1-Dec,,,,,
11,POLOCU,Polystichum oculatum,29-Nov,5,b2,7,leaves,   1/11 ,0.0909,259,1-Dec,,,,,
11,POLOCU,Polystichum oculatum,29-Nov,5,a2,1,petiolas,   1/11 ,0.0909,251,1-Dec,,,,,will have to sum with 5b2
11,POLOCU,Polystichum oculatum,29-Nov,5,b1,1,petiolas,   1/11 ,0.0909,260,1-Dec,,,,,will have to sum with 5b2
11,POLOCU,Polystichum oculatum,29-Nov,5,b1,2,petiolas,   1/11 ,0.0909,261,1-Dec,,,,,will have to sum with 5b2
12,ACANOV,Acaena novae-zelandiae,29-Nov,1,,,leaves,3        ,3.0000,236,1-Dec,,,,,
13,ACANOV,Acaena novae-zelandiae,29-Nov,2,,,leaves,2        ,2.0000,237,1-Dec,,,,,
14,ACANOV,Acaena novae-zelandiae,29-Nov,3,,,leaves,4        ,4.0000,240,1-Dec,,,,,
15,ACANOV,Acaena novae-zelandiae,29-Nov,4,,,leaves,3        ,3.0000,269,2-Dec,,,,,
17,ACAANS,Acaena anserinifolia,29-Nov,1,a,,leaves,1        ,1.0000,IMG_1534,29-Nov,,,,,iphone
17,ACAANS,Acaena anserinifolia,29-Nov,1,b,,leaves,1        ,1.0000,IMG_1536,29-Nov,,,,,iphone
18,ACAANS,Acaena anserinifolia,29-Nov,2,a,,leaves,1        ,1.0000,IMG_1525,29-Nov,,,,,iphone
18,ACAANS,Acaena anserinifolia,29-Nov,2,b,,leaves,1        ,1.0000,IMG_1529,29-Nov,,,,,"iphone. ""1b"" on photo"
19,ACAANS,Acaena anserinifolia,29-Nov,3,a,,leaves,1        ,1.0000,229,1-Dec,,,,,
19,ACAANS,Acaena anserinifolia,29-Nov,3,b,,leaves,2        ,2.0000,231,1-Dec,,,,,
20,ACAANS,Acaena anserinifolia,29-Nov,4,,,leaves,2        ,NA,234,1-Dec,,,,,
21,ASPFLB,Asplenium flabellifolium,29-Nov,1,a,1,leaves,0.50,0.5000,IMG_1506,29-Nov,,,,,iphone
21,ASPFLB,Asplenium flabellifolium,29-Nov,1,a,2,stems,0.50,0.5000,IMG_1507,29-Nov,,,,,iphone
21,ASPFLB,Asplenium flabellifolium,29-Nov,1,c,1,leaves,0.50,0.5000,IMG_1514,29-Nov,,,,,iphone
21,ASPFLB,Asplenium flabellifolium,29-Nov,1,c,2,stems,0.50,0.5000,IMG_1518,29-Nov,,,,,iphone
22,PTEESC,Pteridium esculentum,29-Nov,1,a,1,leaves,   1/16 ,0.0625,293,2-Dec,,,,,
22,PTEESC,Pteridium esculentum,29-Nov,1,a,2,leaves,   1/16 ,0.0625,291,2-Dec,,,,,
22,PTEESC,Pteridium esculentum,29-Nov,1,a,3,leaves,   1/16 ,0.0625,290,2-Dec,,,,,
22,PTEESC,Pteridium esculentum,29-Nov,1,a,4,leaves,   1/16 ,0.0625,288,2-Dec,,,,,
22,PTEESC,Pteridium esculentum,29-Nov,1,a,5,leaves,   1/16 ,0.0625,287,2-Dec,,,,,
22,PTEESC,Pteridium esculentum,29-Nov,1,b,1,leaves,   1/16 ,0.0625,300,2-Dec,,,,,
22,PTEESC,Pteridium esculentum,29-Nov,1,b,2,leaves,   1/16 ,0.0625,299,2-Dec,,,,,
22,PTEESC,Pteridium esculentum,29-Nov,1,b,3,leaves,   1/16 ,0.0625,298,2-Dec,,,,,298 (left)
22,PTEESC,Pteridium esculentum,29-Nov,1,b,4,leaves,   1/16 ,0.0625,297,2-Dec,,,,,297 (right)
22,PTEESC,Pteridium esculentum,29-Nov,1,b,5,leaves,   1/16 ,0.0625,296,2-Dec,,,,,
22,PTEESC,Pteridium esculentum,29-Nov,1,b,6,leaves,   1/16 ,0.0625,295,2-Dec,,,,,
22,PTEESC,Pteridium esculentum,29-Nov,1,b,7,leaves,   1/16 ,0.0625,294,2-Dec,,,,,
22,PTEESC,Pteridium esculentum,29-Nov,1,c,1,petiolas,   1/16 ,0.0625,304,2-Dec,,,,,
22,PTEESC,Pteridium esculentum,29-Nov,1,c,3,petiolas,   1/16 ,0.0625,302,2-Dec,,,,,
22,PTEESC,Pteridium esculentum,29-Nov,1,c,4,petiolas,   1/16 ,0.0625,301,2-Dec,,,,,
23,PTEESC,Pteridium esculentum,29-Nov,2,a,1,leaves,   1/13 ,0.0769,377,3-Dec,,,,,
23,PTEESC,Pteridium esculentum,29-Nov,2,a,2,leaves,   1/13 ,0.0769,378,3-Dec,,,,,
23,PTEESC,Pteridium esculentum,29-Nov,2,a,3,leaves,   1/13 ,0.0769,379,3-Dec,,,,,
23,PTEESC,Pteridium esculentum,29-Nov,2,a,4,leaves,   1/13 ,0.0769,380,3-Dec,,,,,
23,PTEESC,Pteridium esculentum,29-Nov,2,b,1,leaves,   1/13 ,0.0769,387,3-Dec,,,,,
23,PTEESC,Pteridium esculentum,29-Nov,2,b,2,leaves,   1/13 ,0.0769,386,3-Dec,,,,,
23,PTEESC,Pteridium esculentum,29-Nov,2,b,3,leaves,   1/13 ,0.0769,385,3-Dec,,,,,
23,PTEESC,Pteridium esculentum,29-Nov,2,b,4,leaves,   1/13 ,0.0769,384,3-Dec,,,,,
23,PTEESC,Pteridium esculentum,29-Nov,2,b,5,leaves,   1/13 ,0.0769,381,3-Dec,,,,,
23,PTEESC,Pteridium esculentum,29-Nov,2,b,6,leaves,   1/13 ,0.0769,382,3-Dec,,,,,
23,PTEESC,Pteridium esculentum,29-Nov,2,b,7,leaves,   1/13 ,0.0769,383,3-Dec,,,,,
23,PTEESC,Pteridium esculentum,29-Nov,2,b,8,leaves,   1/13 ,0.0769,388,3-Dec,,,,,
23,PTEESC,Pteridium esculentum,29-Nov,2,c,,petiolas,   1/13 ,0.0769,389,3-Dec,,,,,
30,VITGRA,Vittadinia gracilis,30-Nov,1,,,leaves,12        ,12.0000,313,3-Dec,,,,,
31,VITGRA,Vittadinia gracilis,30-Nov,2,,,leaves,13        ,13.0000,470,10-Dec,,,,,
32,VITGRA,Vittadinia gracilis,30-Nov,3,,,leaves,14        ,14.0000,315,3-Dec,,,,,
33,VITGRA,Vittadinia gracilis,30-Nov,4,,,leaves,10        ,10.0000,317,3-Dec,,,,,
34,VITGRA,Vittadinia gracilis,30-Nov,5,,,leaves,20        ,20.0000,322,3-Dec,,,,,
36,VITGRA,Vittadinia gracilis,30-Nov,7,,,leaves,12        ,12.0000,320,3-Dec,,,,,"was initially written ""4"" on the paper bag"
37,SILMAR,Silybum marianum,30-Nov,1,,1,leaves,   1/6  ,0.1667,336,3-Dec,,,,,
37,SILMAR,Silybum marianum,30-Nov,1,,2,leaves,   1/6  ,0.1667,340,3-Dec,,,,,
37,SILMAR,Silybum marianum,30-Nov,1,,3,leaves,   1/6  ,0.1667,338,3-Dec,,,,,
37,SILMAR,Silybum marianum,30-Nov,1,,4,leaves,   1/6  ,0.1667,344,3-Dec,,,,,
,SILMAR,Silybum marianum,30-Nov,1,,5,leaves,   1/6  ,0.1667,341,3-Dec,,,,,to be analysed manually: need to assemble top and bottom part of pictures
37,SILMAR,Silybum marianum,30-Nov,1,,6,leaves,   1/6  ,0.1667,343,3-Dec,,,,,to be analysed manually: need to assemble top and bottom part of pictures
38,SILMAR,Silybum marianum,30-Nov,2,,1,leaves,   1/3  ,0.3333,349,3-Dec,,,,,
38,SILMAR,Silybum marianum,30-Nov,2,,2,leaves,   1/3  ,0.3333,350,3-Dec,,,,,
38,SILMAR,Silybum marianum,30-Nov,2,,3,leaves,   1/3  ,0.3333,351,3-Dec,,,,,
39,SILMAR,Silybum marianum,30-Nov,3,,1,leaves,   1/3  ,0.3333,353,3-Dec,,,,,
39,SILMAR,Silybum marianum,30-Nov,3,,2,leaves,   1/3  ,0.3333,356,3-Dec,,,,,
39,SILMAR,Silybum marianum,30-Nov,3,,3,leaves,   1/3  ,0.3333,359,3-Dec,,,,,
40,SILMAR,Silybum marianum,30-Nov,4,,1,leaves,   2/3  ,0.6667,361,3-Dec,,,,,
40,SILMAR,Silybum marianum,30-Nov,4,,2,leaves,   2/3  ,0.6667,363,3-Dec,,,,,
40,SILMAR,Silybum marianum,30-Nov,4,,3,leaves,   2/3  ,0.6667,364,3-Dec,,,,,
41,SILMAR,Silybum marianum,30-Nov,5,,1,leaves,   1/4  ,0.2500,368,3-Dec,,,,,
41,SILMAR,Silybum marianum,30-Nov,5,,2,leaves,   1/4  ,0.2500,366,3-Dec,,,,,
41,SILMAR,Silybum marianum,30-Nov,5,,3,leaves,   1/4  ,0.2500,370,3-Dec,,,,,
41,SILMAR,Silybum marianum,30-Nov,5,,4,leaves,   1/4  ,0.2500,371,3-Dec,,,,,
42,CONVER,Convolvulus waitaha,30-Nov,1,,,leaves,6        ,6.0000,306,2-Dec,,,,,
44,CONVER,Convolvulus waitaha,30-Nov,3,,,leaves,4        ,4.0000,307,2-Dec,,,,,
45,CONVER,Convolvulus waitaha,30-Nov,4,,,leaves,6        ,6.0000,309,2-Dec,,,,,
46,CONVER,Convolvulus waitaha,30-Nov,5,,,leaves,5        ,5.0000,310,2-Dec,,,,,
49,CONVER,Convolvulus waitaha,30-Nov,8,,,leaves,4        ,4.0000,311,2-Dec,,,,,used to be picture #312
50,ACANOV,Acaena novae-zelandiae,30-Nov,1,,,leaves,2        ,2.0000,328,3-Dec,,,,,
51,ACANOV,Acaena novae-zelandiae,30-Nov,2,,,leaves,2        ,2.0000,373,3-Dec,,,,,
52,ACANOV,Acaena novae-zelandiae,30-Nov,3,,,leaves,2        ,2.0000,332,3-Dec,,,,,
53,ACANOV,Acaena novae-zelandiae,30-Nov,4,,,leaves,2        ,2.0000,335,3-Dec,,,,,
54,ACAAGN,Acaena agnipila,30-Nov,1,,,leaves,3        ,3.0000,324,3-Dec,,,,,
55,CARAUS,Carmichaelia australis,30-Nov,1,a,,leaves,16        ,16.0000,374,3-Dec,,,,,
55,CARAUS,Carmichaelia australis,30-Nov,1,b,,stems,,0.0000,376,3-Dec,,,,,
56,ACAAGN,Acaena agnipila,4-Dec,1,,,leaves,2        ,2.0000,418,8-Dec,,,,,
57,ACAAGN,Acaena agnipila,4-Dec,2,,,leaves,1        ,1.0000,419,8-Dec,,,,,
58,ACAAGN,Acaena agnipila,4-Dec,3,,,leaves,2        ,2.0000,420,8-Dec,,,,,
59,ACAAGN,Acaena agnipila,4-Dec,4,,,leaves,2        ,2.0000,423,8-Dec,,,,,
64,POLVES,Polystichum vestitum,4-Dec,1,,,,,NA,,,,,,,
65,POLVES,Polystichum vestitum,4-Dec,2,,,,,NA,,,,,,,
66,POLVES,Polystichum vestitum,4-Dec,3,a,1,leaves,   1/11 ,0.0909,428,8-Dec,,,,,
66,POLVES,Polystichum vestitum,4-Dec,3,a,2,leaves,   1/11 ,0.0909,431,8-Dec,,,,,
66,POLVES,Polystichum vestitum,4-Dec,3,a,3,leaves,   1/11 ,0.0909,433,8-Dec,,,,,
66,POLVES,Polystichum vestitum,4-Dec,3,b,1,leaves,   1/11 ,0.0909,435,8-Dec,,,,,
66,POLVES,Polystichum vestitum,4-Dec,3,b,2,leaves,   1/11 ,0.0909,436,8-Dec,,,,,
66,POLVES,Polystichum vestitum,4-Dec,3,b,3,leaves,   1/11 ,0.0909,437,8-Dec,,,,,
66,POLVES,Polystichum vestitum,4-Dec,3,b,4,leaves,   1/11 ,0.0909,438,8-Dec,,,,,
66,POLVES,Polystichum vestitum,4-Dec,3,c,1,leaves,   1/11 ,0.0909,439,8-Dec,,,,,
66,POLVES,Polystichum vestitum,4-Dec,3,c,2,leaves,   1/11 ,0.0909,440,8-Dec,,,,,
66,POLVES,Polystichum vestitum,4-Dec,3,d,3,stems,   1/11 ,0.0909,441,8-Dec,,,,,
66,POLVES,Polystichum vestitum,4-Dec,3,d,1,stems,   1/11 ,0.0909,442,8-Dec,,,,,
67,POLVES,Polystichum vestitum,4-Dec,4,,,,,NA,,lost,,,,,
68,POLVES,Polystichum vestitum,4-Dec,5,,,,,NA,,lost,,,,,
69,HELBEL,Anaphalioides bellidioides,4-Dec,1,,,leaves,23        ,23.0000,397,8-Dec,,,,,
70,HELBEL,Anaphalioides bellidioides,4-Dec,2,,,leaves,19        ,19.0000,391,8-Dec,1647.897,86.73,16.4,100.4815244,
71,HELBEL,Anaphalioides bellidioides,4-Dec,3,a,,leaves,24        ,24.0000,392,8-Dec,1913.786,79.74,21,91.13266667,
71,HELBEL,Anaphalioides bellidioides,4-Dec,3,b,,leaves,33        ,33.0000,393,8-Dec,2119.253,64.22,20.5,103.3781951,
72,HELBEL,Anaphalioides bellidioides,4-Dec,4,,,leaves,30        ,30.0000,398,8-Dec,,,,,
73,HELBEL,Anaphalioides bellidioides,4-Dec,5,,,leaves,8        ,8.0000,395,8-Dec,,,,,
74,CARAUS,Carmichaelia australis,5-Dec,1,a,,leaves,5        ,5.0000,481,10-Dec,,,,,keep only stems or leaves?
74,CARAUS,Carmichaelia australis,5-Dec,1,b,,stems,NA,NA,483,10-Dec,,,,,
75,CARAUS,Carmichaelia australis,5-Dec,2,a,,leaves,5        ,5.0000,484,10-Dec,,,,,
75,CARAUS,Carmichaelia australis,5-Dec,2,b,,stems,NA,NA,486,10-Dec,,,,,
76,CARAUS,Carmichaelia australis,5-Dec,3,,,stems,NA,NA,487,10-Dec,,,,,
77,ACISUB,Aciphylla subflabellata,5-Dec,1,,,leaves,6        ,6.0000,491,10-Dec,,,,,
78,ACISUB,Aciphylla subflabellata,5-Dec,2,,,leaves,5        ,5.0000,492,10-Dec,,,,,
79,ACISUB,Aciphylla subflabellata,5-Dec,3,,,leaves,6        ,6.0000,494,10-Dec,,,,,
80,ACISUB,Aciphylla subflabellata,5-Dec,4,,,leaves,3        ,3.0000,495,10-Dec,,,,,
81,ACISUB,Aciphylla subflabellata,5-Dec,5,,,leaves,5        ,5.0000,497,10-Dec,,,,,
84,ASPFLB,Asplenium flabellifolium,5-Dec,1,,1,leaflet,1        ,1.0000,403,8-Dec,,,,,
84,ASPFLB,Asplenium flabellifolium,5-Dec,1,,2,stems,1        ,1.0000,405,8-Dec,,,,,
85,ASPFLB,Asplenium flabellifolium,5-Dec,2,,1,leaflet,1        ,1.0000,406,8-Dec,,,,,
85,ASPFLB,Asplenium flabellifolium,5-Dec,2,,2,stems,1        ,1.0000,408,8-Dec,,,,,
86,ASPFLB,Asplenium flabellifolium,5-Dec,3,,1,leaflet,1        ,1.0000,409,8-Dec,,,,,
86,ASPFLB,Asplenium flabellifolium,5-Dec,3,,2,stems,1        ,1.0000,411,8-Dec,,,,,
87,ASPFLB,Asplenium flabellifolium,5-Dec,4,,1,leaflet,1        ,1.0000,412,8-Dec,,,,,
87,ASPFLB,Asplenium flabellifolium,5-Dec,4,,2,stems,1        ,1.0000,413,8-Dec,,,,,
88,ASPFLB,Asplenium flabellifolium,5-Dec,5,,1,leaflet,   1/2  ,0.5000,415,8-Dec,,,,,
88,ASPFLB,Asplenium flabellifolium,5-Dec,5,,2,stems,   1/2  ,0.5000,416,8-Dec,,,,,
89,GALPRO,Galium propinquum,5-Dec,1,,,leaves,92        ,92.0000,400,8-Dec,,,,,
90,GALPRO,Galium propinquum,5-Dec,2,,,rotten,NA,NA,NA,,,,,,
91,GALPRO,Galium propinquum,5-Dec,3,,,leaves,91        ,91.0000,402,8-Dec,,,,,
92,ASPHOO,Asplenium hookerianum,5-Dec,1,a,,leaves (round),1        ,1.0000,425,8-Dec,,,,,
92,ASPHOO,Asplenium hookerianum,5-Dec,1,b,,leaves (elongated),1        ,1.0000,427,8-Dec,,,,,
93,PTEESC,Pteridium esculentum,5-Dec,1,a1,1,leaves,   1/41 ,0.0244,509,10-Dec,,,,,
93,PTEESC,Pteridium esculentum,5-Dec,1,a1,2,leaves,   1/41 ,0.0244,510,10-Dec,,,,,
93,PTEESC,Pteridium esculentum,5-Dec,1,a1,3,leaves,   1/41 ,0.0244,511,10-Dec,,,,,
93,PTEESC,Pteridium esculentum,5-Dec,1,a2,1,leaves,   1/41 ,0.0244,512,10-Dec,,,,,
93,PTEESC,Pteridium esculentum,5-Dec,1,a2,2,leaves,   1/41 ,0.0244,513,10-Dec,,,,,
93,PTEESC,Pteridium esculentum,5-Dec,1,a2,3,leaves,   1/41 ,0.0244,514,10-Dec,,,,,
93,PTEESC,Pteridium esculentum,5-Dec,1,a2,4,leaves,   1/41 ,0.0244,515,10-Dec,,,,,
93,PTEESC,Pteridium esculentum,5-Dec,1,a3,1,leaves,   1/41 ,0.0244,516,10-Dec,,,,,
93,PTEESC,Pteridium esculentum,5-Dec,1,a3,2,leaves,   1/41 ,0.0244,517,10-Dec,,,,,
93,PTEESC,Pteridium esculentum,5-Dec,1,a3,3,leaves,   1/41 ,0.0244,519,10-Dec,,,,,
93,PTEESC,Pteridium esculentum,5-Dec,1,a3,4,leaves,   1/41 ,0.0244,521,10-Dec,,,,,
93,PTEESC,Pteridium esculentum,5-Dec,1,a4,1,leaves,   1/41 ,0.0244,523,10-Dec,,,,,
93,PTEESC,Pteridium esculentum,5-Dec,1,a4,2,leaves,   1/41 ,0.0244,524,10-Dec,,,,,
93,PTEESC,Pteridium esculentum,5-Dec,1,a4,3,leaves,   1/41 ,0.0244,525,10-Dec,,,,,
93,PTEESC,Pteridium esculentum,5-Dec,1,a4,4,leaves,   1/41 ,0.0244,527,10-Dec,,,,,
93,PTEESC,Pteridium esculentum,5-Dec,1,a5,1,leaves,   1/41 ,0.0244,528,10-Dec,,,,,
93,PTEESC,Pteridium esculentum,5-Dec,1,a5,2,leaves,   1/41 ,0.0244,529,10-Dec,,,,,
93,PTEESC,Pteridium esculentum,5-Dec,1,a5,3,leaves,   1/41 ,0.0244,532,10-Dec,,,,,
93,PTEESC,Pteridium esculentum,5-Dec,1,a5,4,leaves,   1/41 ,0.0244,534,10-Dec,,,,,
93,PTEESC,Pteridium esculentum,5-Dec,1,a5,5,leaves,   1/41 ,0.0244,535,10-Dec,,,,,
93,PTEESC,Pteridium esculentum,5-Dec,1,a5,6,leaves,   1/41 ,0.0244,537,10-Dec,,,,,
93,PTEESC,Pteridium esculentum,5-Dec,1,a6,,stems,   1/41 ,0.0244,539,10-Dec,,,,,
93,PTEESC,Pteridium esculentum,5-Dec,1,b1,1,leaves,   1/41 ,0.0244,541,10-Dec,,,,,
93,PTEESC,Pteridium esculentum,5-Dec,1,b1,2,leaves,   1/41 ,0.0244,542,12-Dec,,,,,
93,PTEESC,Pteridium esculentum,5-Dec,1,b1,3,leaves,   1/41 ,0.0244,544,12-Dec,,,,,
93,PTEESC,Pteridium esculentum,5-Dec,1,b1,4,leaves,   1/41 ,0.0244,545,12-Dec,,,,,
93,PTEESC,Pteridium esculentum,5-Dec,1,b1,5,leaves,   1/41 ,0.0244,546,12-Dec,,,,,
93,PTEESC,Pteridium esculentum,5-Dec,1,b2,1,leaves,   1/41 ,0.0244,548,12-Dec,,,,,
93,PTEESC,Pteridium esculentum,5-Dec,1,b2,2,leaves,   1/41 ,0.0244,549,12-Dec,,,,,
93,PTEESC,Pteridium esculentum,5-Dec,1,b2,3,leaves,   1/41 ,0.0244,553,12-Dec,,,,,
93,PTEESC,Pteridium esculentum,5-Dec,1,b2,4,leaves,   1/41 ,0.0244,554,12-Dec,,,,,
93,PTEESC,Pteridium esculentum,5-Dec,1,b2,5,leaves,   1/41 ,0.0244,557,12-Dec,,,,,
93,PTEESC,Pteridium esculentum,5-Dec,1,,1,leaves,   1/41 ,0.0244,559,12-Dec,,,,,
93,PTEESC,Pteridium esculentum,5-Dec,1,b3,2,leaves,   1/41 ,0.0244,561,12-Dec,,,,,
93,PTEESC,Pteridium esculentum,5-Dec,1,b3,3,leaves,   1/41 ,0.0244,564,12-Dec,,,,,
93,PTEESC,Pteridium esculentum,5-Dec,1,b3,4,leaves,   1/41 ,0.0244,565,12-Dec,,,,,
93,PTEESC,Pteridium esculentum,5-Dec,1,b3,5,leaves,   1/41 ,0.0244,567,12-Dec,,,,,
93,PTEESC,Pteridium esculentum,5-Dec,1,b3,6,leaves,   1/41 ,0.0244,568,12-Dec,,,,,
93,PTEESC,Pteridium esculentum,5-Dec,1,b3,7,leaves,   1/41 ,0.0244,569,12-Dec,,,,,
93,PTEESC,Pteridium esculentum,5-Dec,1,b3,8,leaves,   1/41 ,0.0244,571,12-Dec,,,,,
93,PTEESC,Pteridium esculentum,5-Dec,1,b4,1,stems,   1/41 ,0.0244,574,12-Dec,,,,,
94,LEPMIN,Leptinella minor,5-Dec,1,,,leaves,5        ,5.0000,474,10-Dec,,,,,
95,LEPMIN,Leptinella minor,5-Dec,2,,,leaves,4        ,4.0000,472,10-Dec,,,,,
96,LEPMIN,Leptinella minor,5-Dec,3,,,leaves,4        ,4.0000,476,10-Dec,,,,,
97,LEPMIN,Leptinella minor,5-Dec,4,,,leaves,7        ,7.0000,477,10-Dec,,,,,
98,LEPMIN,Leptinella minor,5-Dec,5,,,leaves,9        ,9.0000,479,10-Dec,,,,,
100,ASPHOO,Asplenium hookerianum,9-Dec,1,a,,leaves (elongated),1        ,1.0000,447,10-Dec,,,,,
100,ASPHOO,Asplenium hookerianum,9-Dec,1,b,,leaves (round),1        ,1.0000,449,10-Dec,,,,,
101,ASPHOO,Asplenium hookerianum,9-Dec,2,,,leaves (round),3        ,3.0000,450,10-Dec,,,,,
102,ASPHOO,Asplenium hookerianum,9-Dec,3,,,leaves (round),1        ,1.0000,451,10-Dec,,,,,
103,ASPHOO,Asplenium hookerianum,9-Dec,4,,,leaves (round),2        ,2.0000,588,12-Dec,,,,,
113,ASPFLB,Asplenium flabellifolium,9-Dec,6,,,leaves,1        ,1.0000,453,10-Dec,,,,,
119,JUNEDG,Juncus edgariae,9-Dec,1,,1,leaves,   1/2  ,0.5000,462,10-Dec,,,,,
119,JUNEDG,Juncus edgariae,9-Dec,1,,2,leaves,   1/2  ,0.5000,463,10-Dec,,,,,
120,JUNEDG,Juncus edgariae,9-Dec,2,,,leaves,1        ,1.0000,465,10-Dec,,,,,
121,JUNEDG,Juncus edgariae,9-Dec,3,,,leaves,1        ,1.0000,466,10-Dec,,,,,
122,JUNEDG,Juncus edgariae,9-Dec,4,,,leaves,1        ,1.0000,467,10-Dec,,,,,
123,JUNEDG,Juncus edgariae,9-Dec,5,,,leaves,1        ,1.0000,469,10-Dec,,,,,
124,ACAANS,Acaena anserinifolia,4-Dec,1,,,leaves,2        ,2.0000,417,8-Dec,,,,,
125,COPPAR,Coprosma dumosa,9-Dec,1,,,leaves,25        ,25.0000,454,10-Dec,,,,,
126,COPPAR,Coprosma dumosa,9-Dec,2,,,leaves,30        ,30.0000,457,10-Dec,,,,,
127,COPPAR,Coprosma dumosa,9-Dec,3,,,leaves,31        ,31.0000,458,10-Dec,,,,,
128,COPPAR,Coprosma dumosa,9-Dec,4,,,leaves,27        ,27.0000,459,10-Dec,,,,,
129,COPPAR,Coprosma dumosa,9-Dec,5,,,leaves,29        ,29.0000,461,10-Dec,,,,,
130,LEPDIO,Leptinella dioica,12-Dec,1,,,leaves,2        ,2.0000,576,13-Dec,,,,,
131,LEPDIO,Leptinella dioica,12-Dec,2,,,leaves,2        ,2.0000,579,13-Dec,,,,,
132,LEPDIO,Leptinella dioica,12-Dec,3,,,leaves,2        ,2.0000,581,13-Dec,,,,,
133,LEPDIO,Leptinella dioica,12-Dec,4,,,leaves,2        ,2.0000,582,13-Dec,,,,,
134,LEPDIO,Leptinella dioica,12-Dec,5,,,leaves,3        ,3.0000,585,13-Dec,,,,,
140,RYTCAE,Rytidosperma caespitosum,12-Dec,1,,,leaves,3        ,3.0000,591,13-Dec,,,,,
141,RYTCAE,Rytidosperma caespitosum,12-Dec,2,,,leaves,4        ,4.0000,592,13-Dec,,,,,
142,RYTCAE,Rytidosperma caespitosum,12-Dec,3,,,leaves,5        ,5.0000,594,13-Dec,,,,,
143,RYTCAE,Rytidosperma caespitosum,12-Dec,5,,,leaves,7        ,7.0000,595,13-Dec,,,,,
144,RYTCAE,Rytidosperma caespitosum,12-Dec,6,,,leaves,2        ,2.0000,597,13-Dec,,,,,
149,CYNECH,Cynosurus echinatus,13-Dec,1,,,leaves,3        ,3.0000,612,18-Dec,,,,,
150,CYNECH,Cynosurus echinatus,13-Dec,2,,,leaves,4        ,4.0000,613,18-Dec,,,,,
151,CYNECH,Cynosurus echinatus,13-Dec,3,,,leaves,2        ,2.0000,614,18-Dec,,,,,
152,CYNECH,Cynosurus echinatus,13-Dec,4,,,leaves,4        ,4.0000,616,18-Dec,,,,,
153,CYNECH,Cynosurus echinatus,13-Dec,5,,,leaves,2        ,2.0000,618,18-Dec,,,,,
154,GNAAUD,Euchiton audax,16-Dec,1,,,leaves,6        ,6.0000,642,18-Dec,,,,,
155,GNAAUD,Euchiton audax,16-Dec,2,,,leaves,3        ,3.0000,644,18-Dec,,,,,
156,GNAAUD,Euchiton audax,16-Dec,3,,,leaves,3        ,3.0000,646,18-Dec,,,,,
157,EPIATR,Epilobium alsinoides subsp. atriplicifolium,16-Dec,1,,,leaves,23        ,23.0000,636,18-Dec,,,,,
158,EPIATR,Epilobium alsinoides subsp. atriplicifolium,16-Dec,2,,,leaves,20        ,20.0000,637,18-Dec,,,,,
159,EPIATR,Epilobium alsinoides subsp. atriplicifolium,16-Dec,3,,,leaves,7        ,7.0000,638,18-Dec,,,,,
160,EPIATR,Epilobium alsinoides subsp. atriplicifolium,16-Dec,4,,,leaves,10        ,10.0000,639,18-Dec,,,,,
161,EPIATR,Epilobium alsinoides subsp. atriplicifolium,16-Dec,5,,,leaves,6        ,6.0000,641,18-Dec,,,,,
169,BLEPEN,Blechnum penna-marina,16-Dec,1,,,leaves,2        ,2.0000,652,18-Dec,,,,,
170,BLEPEN,Blechnum penna-marina,16-Dec,2,,,leaves,2        ,2.0000,653,18-Dec,,,,,
171,BLEPEN,Blechnum penna-marina,16-Dec,3,,,leaves,2        ,2.0000,656,18-Dec,,,,,
172,BLEPEN,Blechnum penna-marina,16-Dec,4,,,leaves,2        ,2.0000,657,18-Dec,,,,,
174,BLEPEN,Blechnum penna-marina,16-Dec,6,,,leaves,2        ,2.0000,658,18-Dec,,,,,
180,HIERED,Hierochloe redolens,16-Dec,1,,,leaves,1        ,1.0000,628,18-Dec,,,,,
181,HIERED,Hierochloe redolens,16-Dec,2,,,leaves,1        ,1.0000,629,18-Dec,,,,,
182,HIERED,Hierochloe redolens,16-Dec,3,,,leaves,1        ,1.0000,631,18-Dec,,,,,
183,HIERED,Hierochloe redolens,16-Dec,4,,,leaves,1        ,1.0000,632,18-Dec,,,,,
184,HIERED,Hierochloe redolens,16-Dec,5,,,leaves,1        ,1.0000,634,18-Dec,,,,,
185,COPRIG,Coprosma rigida,16-Dec,1,,,leaves,32        ,32.0000,648,18-Dec,,,,,
186,COPRIG,Coprosma rigida,16-Dec,2,,,leaves,28        ,28.0000,649,18-Dec,,,,,
187,COPRIG,Coprosma rigida,16-Dec,3,,,leaves,42        ,42.0000,650,18-Dec,,,,,
188,RYTGRA,Rytidosperma gracile,16-Dec,1,,,leaves,4        ,4.0000,619,18-Dec,,,,,
189,RYTGRA,Rytidosperma gracile,16-Dec,2,,,leaves,5        ,5.0000,622,18-Dec,,,,,
190,RYTGRA,Rytidosperma gracile,16-Dec,3,,,leaves,2        ,2.0000,623,18-Dec,,,,,
191,RYTGRA,Rytidosperma gracile,16-Dec,4,,,leaves,3        ,3.0000,624,18-Dec,,,,,
192,RYTGRA,Rytidosperma gracile,16-Dec,5,,,leaves,3        ,3.0000,626,18-Dec,,,,,
193,UNCRUB,Uncinia rubra,16-Dec,1,,,leaves,4        ,4.0000,651,18-Dec,,,,,
194,CARAUS,Carmichaelia australis,16-Dec,1,a,,leaves,11        ,11.0000,659,18-Dec,,,,,
194,CARAUS,Carmichaelia australis,16-Dec,1,b,,stems,NA,NA,660,18-Dec,,,,,
196,DICCRI,Dichelachne crinita,19-Dec,1,,,leaves,3        ,3.0000,673,21-Dec,,,,,
197,DICCRI,Dichelachne crinita,19-Dec,2,,1,leaves,1   1/3  ,1.3333,675,22-Dec,,,,,
197,DICCRI,Dichelachne crinita,19-Dec,2,,2,leaves,1   1/3  ,1.3333,676,22-Dec,,,,,
197,DICCRI,Dichelachne crinita,19-Dec,2,,3,leaves,1   1/3  ,1.3333,678,22-Dec,,,,,
198,DICCRI,Dichelachne crinita,19-Dec,3,,,leaves,3        ,3.0000,679,22-Dec,,,,,
199,DICCRI,Dichelachne crinita,19-Dec,4,,,leaves,3        ,3.0000,680,22-Dec,,,,,
200,DICCRI,Dichelachne crinita,19-Dec,5,,,leaves,3        ,3.0000,681,22-Dec,,,,,
204,LINBIE,Linum bienne,19-Dec,1,,,leaves,12        ,12.0000,663,22-Dec,,,,,
205,LINBIE,Linum bienne,19-Dec,2,,,leaves,8        ,8.0000,665,22-Dec,,,,,
206,LINBIE,Linum bienne,19-Dec,3,,,leaves,12        ,12.0000,667,22-Dec,,,,,
207,LINBIE,Linum bienne,19-Dec,4,,,leaves,32        ,32.0000,669,22-Dec,,,,,
208,LINBIE,Linum bienne,19-Dec,5,,,leaves,13        ,13.0000,671,22-Dec,,,,,
214,GNAGYM,Euchiton japonicus,21-Dec,1,,,leaves,3        ,3.0000,691,22-Dec,,,,,
215,GNAGYM,Euchiton japonicus,21-Dec,2,,,leaves,3        ,3.0000,692,22-Dec,,,,,
216,GNAGYM,Euchiton japonicus,21-Dec,3,,,leaves,2        ,2.0000,693,22-Dec,,,,,
217,GNAGYM,Euchiton japonicus,21-Dec,4,,,leaves,3        ,3.0000,695,22-Dec,,,,,
218,GNAGYM,Euchiton japonicus,21-Dec,5,,,leaves,3        ,3.0000,697,22-Dec,,,,,
228,RUMPUL,Rumex pulcher,21-Dec,1,,,leaves,3        ,3.0000,683,22-Dec,,,,,
229,RUMPUL,Rumex pulcher,21-Dec,2,,1,leaves,2        ,2.0000,684,22-Dec,,,,,
229,RUMPUL,Rumex pulcher,21-Dec,2,,2,leaves,2        ,2.0000,685,22-Dec,,,,,
230,RUMPUL,Rumex pulcher,21-Dec,3,,,leaves,3        ,3.0000,686,22-Dec,,,,,
231,RUMPUL,Rumex pulcher,21-Dec,4,,,leaves,2        ,2.0000,687,22-Dec,,,,,
231,RUMPUL,Rumex pulcher,21-Dec,4,,,leaves,2        ,2.0000,688,22-Dec,,,,,
232,RUMPUL,Rumex pulcher,21-Dec,5,,,leaves,1   1/2  ,1.5000,689,22-Dec,,,,,
232,RUMPUL,Rumex pulcher,21-Dec,5,,,leaves,1   1/2  ,1.5000,690,22-Dec,,,,,
238,LEPDIO,Leptinella dioica,13-Dec,1,,,leaves,2        ,2.0000,647,18-Dec,,,,,
240,RYTUNA,Rytidosperma unarede,8-Feb,1,,,leaves,2        ,2.0000,8661,9-Feb,,,,,Mica's photos
241,RYTUNA,Rytidosperma unarede,8-Feb,2,,,leaves,2        ,2.0000,8665,9-Feb,,,,,Mica's photos
242,RYTUNA,Rytidosperma unarede,8-Feb,3,,,leaves,2        ,2.0000,8667,9-Feb,,,,,Mica's photos
243,RYTUNA,Rytidosperma unarede,8-Feb,4,,,leaves,2        ,2.0000,8668,9-Feb,,,,,Mica's photos
244,RYTUNA,Rytidosperma unarede,8-Feb,5,,,leaves,3        ,3.0000,8673,9-Feb,,,,,Mica's photos
245,GNAAUD,Euchiton audax,8-Feb,1,,,leaves,3        ,3.0000,8654,9-Feb,,,,,Mica's photos
246,GNAAUD,Euchiton audax,8-Feb,2,,,leaves,2        ,2.0000,8656,9-Feb,,,,,Mica's photos
247,CENTEN,Centaurium tenuiflorum,9-Mar,1,a,,leaves,4        ,4.0000,IMG_2624_1024,11-Mar,,,,,
247,CENTEN,Centaurium tenuiflorum,9-Mar,1,b,,leaves,3        ,3.0000,IMG_2626_1024,11-Mar,,,,,
248,CENTEN,Centaurium tenuiflorum,9-Mar,2,a,,leaves,3        ,3.0000,IMG_2627_1024,11-Mar,,,,,
248,CENTEN,Centaurium tenuiflorum,9-Mar,2,b,,leaves,3        ,3.0000,IMG_2628_1024,11-Mar,,,,,
249,CENTEN,Centaurium tenuiflorum,9-Mar,3,,,leaves,12        ,12.0000,IMG_2629_1024,11-Mar,,,,,
250,CENTEN,Centaurium tenuiflorum,10-Mar,1,,,leaves,4        ,4.0000,IMG_2621_1024,11-Mar,,,,,plants a bit dried up
251,CENTEN,Centaurium tenuiflorum,10-Mar,2,,,leaves,4        ,4.0000,IMG_2622_1024,11-Mar,,,,,plants a bit dried up
257,BROLIT,Bromus lithobius,17-Apr,1,,,leaves,3        ,3.0000,IMG_3716_1024,17-Mar,,,,,
258,BROLIT,Bromus lithobius,17-Apr,2,,,leaves,4        ,4.0000,IMG_3718_1024,17-Mar,,,,,
259,BROLIT,Bromus lithobius,17-Apr,3,,,leaves,3        ,3.0000,IMG_3720_1024,17-Mar,,,,,
260,BROLIT,Bromus lithobius,17-Apr,4,,,leaves,2        ,2.0000,IMG_3722_1024,17-Mar,,,,,or other picture shows more leaves ???IMG_3724_1024
261,BROLIT,Bromus lithobius,17-Apr,5,,,leaves,3        ,3.0000,IMG_3726_1024,17-Mar,,,,,
262,COTAUS,Cotula australis,17-Apr,1,,,leaves,4        ,4.0000,IMG_3727_1024,17-Mar,,,,,
263,COTAUS,Cotula australis,17-Apr,2,,,leaves,2        ,2.0000,IMG_3731_1024,17-Mar,,,,,
264,COTAUS,Cotula australis,17-Apr,3,,,leaves,5        ,5.0000,IMG_3733_1024,17-Mar,,,,,
265,COTAUS,Cotula australis,17-Apr,4,,,leaves,3        ,3.0000,IMG_3735_1024,17-Mar,,,,,
266,COTAUS,Cotula australis,17-Apr,5,,,leaves,5        ,5.0000,IMG_3736_1024,17-Mar,,,,,
