Species,Bud_frequency_per_bud_bank_layer,Chromosoms_base_number,Chromosoms_cDNA_content,Chromosoms_number,Chromosoms_ploidy,Dispersal_kernel,Dispersal_syndrom,Dispersal_unit_dry_mass,Dispersal_unit_heteromorphy,Dispersal_unit_length,Dispersal_unit_thickness,Dispersal_unit_type,Dispersal_unit_width,Flower_color,Flower_insemination_autogamous_or_xenogamous,Flower_pollen_per_ovule,Flower_pollinator_and_type_of_reward,Flower_self-incompatibility,Flower_sex,Flower_sex_timing,Flower_type,Flower_UV_reflectance,Fruit_type,Germination_efficiency,Germination_requirement,Germination_stimulation,Germination_temperature,Leaf_angle,Leaf_area,Leaf_carbon_(C)_content_per_area,Leaf_carbon_(C)_content_per_dry_mass,Leaf_compoundness,Leaf_distribution_along_the_axis,Leaf_dry_mass,Leaf_dry_matter_content_(LDMC),Leaf_inrolling_of_lamina,Leaf_lamina_density,Leaf_lamina_thickness,Leaf_nitrogen_(N)_content_per_area,Leaf_nitrogen_(N)_content_per_dry_mass,Leaf_palatability,Leaf_phosphorus_(P)_content_per_area,Leaf_phosphorus_(P)_content_per_dry_mass,Leaf_physical_strength,Leaf_shape,Leaf_texture_(sclerophylly),Leaf_thickness,Leaf_transpiration_per_area,Leaf_type,Litter_nitrogen_(N)_content_per_dry_mass,Litter_phosphorus_(P)_content_per_dry_mass,Litter_potential_decomposition_rate,Mating_system,Metamorphoses_and_morphological_adaptations:_aerenchym,Metamorphoses_and_morphological_adaptations:_roots,Metamorphoses_and_morphological_adaptations:_seed_or_dispersal_unit,Metamorphoses_and_morphological_adaptations:_shoot,Metamorphoses_and_morphological_adaptations:_storage,Mycorrhizal_type,Nitrogen_fixation_capacity,Phenology:_reproductive,Phenology:_vegetative,Photosynthesis_leaf_intercellular_CO2_concentration,Photosynthesis_pathway,Photosynthesis_per_leaf_area,Plant_age_of_maturity_(first_flowering),Plant_architecture:_height_of_lowest_branch_versus_total_plant_height_(furcation_index),Plant_architecture:_shoot_branching,Plant_clonal_growth_form,Plant_defence_mechanisms:_chemical_defence_compounds,Plant_dry_mass,Plant_functional_type,Plant_growth_form,Plant_height_generative,Plant_height_vegetative,Plant_heterotrophic_nutrition_mode,Plant_life_form_(Raunkiaer_life_form),Plant_lifespan,Plant_light_requirement,Plant_relative_growth_rate_(RGR),Plant_resprouting_capacity_after_fire,Plant_specific_area_(surface_per_dry_mass_of_all_green_parts),Plant_spininess_or_thorniness,Plant_strategy_type_according_to_Grime,Plant_tolerance_to_fire,Plant_tolerance_to_grazing,Plant_tolerance_to_high_temperatures,Plant_tolerance_to_human_impact,Plant_tolerance_to_mowing,Plant_tolerance_to_trampling,Pollination_syndrome,Reproductive_structure_nitrogen_(N)_content_per_dry_mass,Root_architecture,Root_dry_mass,Root_nitrogen_(N)_content_per_dry_mass,Seed_length,Seed_mass,Seed_morphology,Seed_number_per_dispersal_unit,Seed_number_per_ramet,Seed_number_per_reproducton_unit,Seed_shape,Seed_storage_behaviour,Seed_terminal_velocity,Seed_width,Seed/fruit_propagule,Seedbank_lifespan,Shoot_carbon_(C)_content_per_dry_mass,Shoot_carbon/nitrogen_(C/N)_ratio,Shoot_dry_mass,Shoot_nitrogen_(N)_content_per_dry_mass,Shoot_phosphorus_(P)_content_per_dry_mass,Shoot_vegetative_dry_mass,Species_distribution:_climate_type,Species_distribution:_continentality,Species_distribution:_endemism,Species_distribution:_native_vs_invasive,Species_distribution:_number_of_floristic_zones,Species_phyto-sociological_group,Species_reproduction_type,Specific_leaf_area_(SLA),Stem_nitrogen_(N)_content_per_dry_mass,Stomata_conductance_per_leaf_area,Vegetative_regeneration,Vegetative_reproduction:_clonal_growth_organ,Vegetative_reproduction:_distance_between_ramets,Vital_attributes_of_persistence_and_establishment,Woodiness,Seedbank_location,Plant_hairiness,Plant_palatability,Plant_resprouting_capacity_after_disturbances,Plant_secondary_compounds,Plant_tolerance_to_drought,Rooting_depth,Seed_mucilaginous,Flower_conspicuous,Flowering_requirement_(requirement_for_fertility),Fruit/seed_abundance,Fruit/seed_color,Fruit/seed_conspicuous,Leaf_color,Leaf_color_in_fall_conspicuous,Leaf_nitrogen/phosphorus_(N/P)_ratio,Leaf_porosity,Photosynthesis_carboxylation_capacity_(Vcmax)_per_leaf_area_(Farquhar_model),Photosynthesis_carboxylation_capacity_(Vcmax)_per_leaf_dry_mass_(Farquhar_model),Photosynthesis_electron_transport_capacity_(Jmax)_per_leaf_area_(Farquhar_model),Photosynthesis_electron_transport_capacity_(Jmax)_per_leaf_dry_mass_(Farquhar_model),Plant_commercial_use,Plant_defence_mechanisms:_allelopathy,Plant_growth_rate,Plant_is_a_small_grain,Plant_moisture_use,Plant_propagation,Plant_tolerance_to_CaCO3,Plant_tolerance_to_frost,Plant_tolerance_to_hedges,Plant_tolerance_to_precipitation,Plant_tolerance_to_salinity,Plant_tolerance_to_shade,Plant_tolerance_to_soil_pH,Plant_tolerance_to_soil_texture,Plant_tolerance_to_waterlogging,Reproductive_structure_nitrogen/phosphorus_(N/P)_ratio,Reproductive_structure_phosphorus_(P)_content_per_dry_mass,Seed_height,Seed_spread_rate,Seedling_vigor,Shoot_green_tissue_carbon/nitrogen_(C/N)_ratio,Species_US_Wetland_Indicator,Stomata_conductance_per_leaf_dry_mass,Vegetative_reproduction:_spread_rate,Species_distribution:_mode_of_introduction,"Leaf_dry_mass_per_plant_dry_mass_(leaf_weight_ratio,_LWR)",Leaf_lamina_length,Leaf_lamina_width,Photosynthesis_net_assimilytion_rate_(NAR),Seed_heteromorphy,Seed_thickness,Seed_oil_content_per_mass,Seed_protein_content_per_mass,Species_distribution:_neophyt_status,Crown_surface_roughness,Fine_root_length_per_dry_mass_(specific_length),Leaf_area_per_plant_dry_mass_(leaf_area_ratio,Leaf_carbon/nitrogen_(C/N)_ratio,Leaf_density,Leaf_epidermis_cell_area,Leaf_epidermis_cell_length,Leaf_epidermis_volume_per_leaf_volume,Leaf_hypodermis_volume_per_leaf_volume,Leaf_intercellular_volume_per_leaf_volume,Leaf_light_absorption_(extinction),Leaf_mesophyll_cell_area,Leaf_mesophyll_palisade_parenchym_volume_per_leaf_volume,Leaf_mesophyll_palisade_parenchyma_cell_area,Leaf_mesophyll_spongiophyll_volume_per_leaf_volume,Leaf_nitrogen_(N)_content,Leaf_phosphorus_(P)_content,Leaf_potassium_(K)_content_per_area,Leaf_potassium_(K)_content_per_dry_mass,Leaf_sclerified_tissue_per_leaf_lamina_tissue,Leaf_sclerified_tissue_per_midrib,Leaf_vascular_bundle_cell_size:_phloem_(area),Leaf_vascular_bundle_cell_size:_xylem_(area),Leaf_vascular_bundle_volume_fraction:__sclerenchym,Leaf_vascular_bundle_volume_fraction:_phloem,"Leaf_vascular_bundle_volume_fraction:_xylem,_phloem,_sclerenchym",Leaf_vessel_diameter,Litter_SLA_(litter_leaf_area_per_dry_mass),Paracotyledon_dry_mass,Paracotyledon_dry_mass_per_plant_dry_mass,Root_dry_mass_per_plant_dry_mass,Root_porosity,Specific_leaf_area_(SLA)_based_on_fresh_mass,Stem_area_other_tissues_but_pith_and_xylem,Stem_area_pith,Stem_area_xylem,Stem_conduit_area_(vessel_and_tracheid),"Stem_conduit_diameter_(vessel,_tracheid)",Stem_dry_mass_per_plant,Stem_dry_mass_per_plant_dry_mass,Stem_fraction_cell_wall_in_xylem,Stem_fraction_of_pith,Stem_fraction_of_total_area:_xylem_cell_wall,Stem_fraction_of_xylem,Stem_fraction_tissues_other_than_pith_or_xylem,Stem_length_(height),Stem_specific_density_(SSD),Stem_total_area_of_cross_section,Stem_volume,Stomata_area,Stomata_area_per_leaf_area,Stomata_density,Stomata_distribution,Stomata_index_(stomata_/_epidermis_cells),Vegetative_reproduction:_lateral_spread,Plant_defence_mechanisms:_physical_defence_structures,Seeding_frequency,Stem_conduit_density_(vessels_and_tracheids),Stem_conduit_lumen_area_(vessels_and_tracheids)_per_sapwood_area,Leaf_delta_15N,Leaf_delta_15N_versus_soil_delta_15N,Species_distribution:_altitude_of_origin,Species_distribution:_origin_zonal,Dispersal_distance,Crown_diameter_along_the_longest_axis,Crown_diameter_perpendicular_to_first_axis,Fine_root_carbon_(C)_content_per_dry_mass,Fine_root_nitrogen_(N)_content_per_dry_mass,Leaf_area_per_plant,Leaf_delta_13C,Leaf_dry_mass_per_plant,Leaf_fresh_mass,Leaf_inclination,Leaf_lifespan,Photosynthesis_per_leaf_dry_mass,Photosynthesis_per_leaf_transpiration_(water_use_effinciency:_WUE),Reproductive_dry_mass_per_plant,Root_delta_15N,Shoot_necromass,Shoot_nitrogen_(N)_mass_vegetative,Shoot_number_of_mature_leaves,Shoot_number_of_non-mature_leaves,Stem_carbon_(C)_content_per_dry_mass,Stem_carbon/nitrogen_(C/N)_ratio,Stem_diameter,Wood_dry_mass_per_plant_dry_mass,Root/shoot_ratio,Shoot_calcium_(Ca)_content_per_dry_mass,Shoot_iron_(Fe)_content_per_dry_mass,Shoot_magnesium_(Mg)_content_per_dry_mass,Shoot_manganese_(Mn)_content_per_dry_mass,Shoot_potassium_(K)_content_per_dry_mass,Leaf_length,Leaf_pH,Leaf_dry_matter_content_per_volume,Leaf_intercellular_volume,Leaf_mid_vein_thickness,Leaf_structural_dry_matter_content_per_dry_mass,Leaf_structural_dry_matter_content_per_volume,Leaf_tissue_volume,Leaf_volume,Litter_carbon_(C)_content_per_dry_mass,Litter_cellulose_content_per_dry_mass,Litter_lignin_content_per_dry_mass,Plant_dry_matter_content_per_fresh_mass,Plant_dry_matter_content_per_volume,Root_dry_matter_content_per_fresh_mass_(RDMC),Root_dry_matter_content_per_volume,Stem_nitrogen/phosphorus_(N/P)_ratio,Stem_phosphorus_(P)_content_per_dry_mass,Leaf_carbon/phosphorus_(C/P)_ratio,Vegetative_reproduction:_persistence_of_connection_between_clonal_growth_organs,Vegetative_reproduction:_role_of_clonal_growth_organ_in_plant_growth,Photosynthesis_light_use_efficiency_(LUE),"Stomata_conductance_model_parameter_(Ball-Berry,_Jarvis,_Leuning)",Bud_source,Leaf_ash_content_per_dry_mass,Coarse_root_carbon/nitrogen_(C/N)_ratio,Fine_root_carbon/nitrogen_(C/N)_ratio,Leaf_respiration_per_area,Leaf_respiration_per_dry_mass,Seed_mass_per_plant,Seed_number_per_plant,Plant_tolerance_to_planting_density
Senecio_jacobaea,4,1,1,2,1,28,16,4,9,13,15,16,3,2,1,1,2,2,1,1,1,3,1,1,3,6,5,2,10,4,4,1,7,6,15,1,1,1,4,5,29,3,4,2,1,3,1,8,2,2,1,2,3,1,1,2,2,1,8,5,27,6,8,11,8,2,20,3,1,7,8,1,20,13,25,3,7,17,2,6,1,5,1,1,1,1,9,4,1,1,21,1,1,8,1,1,25,2,2,5,15,1,1,14,1,4,17,8,8,8,8,5,8,2,4,1,1,1,5,1,26,1,8,3,3,1,1,10,0,0,0,0,0,0,0,0,0,0,0,0,0,0,0,0,0,0,0,0,0,0,0,0,0,0,0,0,0,0,0,0,0,0,0,0,0,0,0,0,0,0,0,0,0,0,0,0,0,0,0,0,0,0,0,0,0,_LAR),0,0,0,0,0,0,0,0,0,0,0,0,0,0,0,0,0,0,0,0,0,0,0,0,0,0,0,0,0,0,0,0,0,0,0,0,0,0,0,0,0,0,0,0,0,0,0,0,0,0,0,0,0,0,0,0,0,0,0,0,0,0,0,0,0,0,0,0,0,0,0,0,0,0,0,0,0,0,0,0,0,0,0,0,0,0,0,0,0,0,0,0,0,0,0,0,0,0,0,0,0,0,0,0,0,0,0,0,0,0,0,0,0,0,0,0,0,0,0,0,0
Senecio_lautus,0,0,0,0,0,0,1,0,0,0,0,0,0,0,0,0,0,0,0,0,0,0,0,1,0,0,0,0,0,0,0,0,0,0,0,0,0,0,0,0,0,0,0,0,0,0,0,0,0,0,0,0,0,0,0,0,0,0,0,0,1,1,0,2,0,1,0,0,0,0,0,0,3,0,0,0,0,0,0,0,0,0,0,0,4,0,0,0,0,0,0,0,0,0,0,0,2,0,0,0,0,0,0,0,0,0,0,0,0,0,0,0,0,0,0,0,0,0,0,0,0,0,0,0,0,0,2,1,0,0,0,0,0,0,0,0,0,0,0,0,0,0,0,0,0,0,0,0,0,0,0,0,0,0,0,0,0,0,0,0,0,0,0,0,0,0,0,0,0,0,0,0,0,0,0,0,0,0,0,0,0,0,0,0,0,0,0,0,0,0,0,0,0,0,0,0,0,0,0,0,0,0,0,0,0,0,0,0,0,0,0,0,0,0,0,0,0,0,0,0,0,0,0,0,0,0,0,0,0,0,0,0,0,0,0,0,0,0,0,0,0,0,0,0,0,0,0,0,0,0,0,0,0,0,0,0,0,0,0,0,0,0,0,0,0,0,0,0,0,0,0,0,0,0,0,0,0,0,0,0,0,0,0,0,0,0,0,0,0,0,0,0,0,0,0,0,0,0,0,0,0,0,0,0,0,0,0
Senecio_minimus,0,0,0,0,0,0,1,0,0,0,0,0,0,0,0,0,0,0,0,0,0,0,0,0,0,0,0,0,2,0,0,1,0,0,0,0,0,0,0,0,0,0,0,0,0,0,0,0,0,0,0,0,0,0,0,0,0,0,0,0,1,0,0,1,0,1,0,0,0,0,0,0,2,0,2,0,0,3,0,0,0,0,0,0,9,0,0,0,0,0,0,0,0,0,0,0,4,0,0,0,0,0,0,0,0,0,0,0,0,0,0,0,0,0,0,0,0,0,0,0,2,0,0,0,0,0,0,1,1,0,0,0,0,0,0,0,0,0,0,0,0,0,0,0,0,0,0,0,0,0,0,0,0,0,0,0,0,0,0,0,0,0,0,0,0,0,0,0,0,0,0,0,0,0,0,0,0,0,0,0,0,0,0,0,0,0,0,0,0,0,0,0,0,0,0,0,0,0,0,0,0,0,0,0,0,0,0,0,0,0,0,0,0,0,0,0,0,0,0,0,0,0,0,0,0,0,0,0,0,0,0,0,0,0,0,0,0,0,0,0,0,0,0,0,0,0,0,0,0,0,0,0,0,0,0,0,0,0,0,0,0,0,0,0,0,0,0,0,0,0,0,0,0,0,0,0,0,0,0,0,0,0,0,0,0,0,0,0,0,0,0,0,0,0,0,0,0,0,0,0,0,0,0,0,0,0,0
Senecio_quadridentatus,0,0,0,0,0,0,7,0,0,0,0,0,0,0,0,0,0,0,0,0,0,0,0,0,0,0,0,0,1,0,0,1,0,0,0,0,0,0,0,0,0,0,0,0,0,1,0,0,0,0,0,0,0,0,0,0,0,1,0,0,3,1,0,2,0,1,0,0,0,0,0,0,1,0,2,0,1,2,0,0,0,0,1,0,9,0,0,0,0,0,1,0,0,0,0,0,5,0,0,0,0,0,0,0,0,0,0,0,0,0,0,0,0,0,0,0,0,0,0,0,1,0,0,0,0,0,0,1,1,1,1,1,1,1,1,1,0,0,0,0,0,0,0,0,0,0,0,0,0,0,0,0,0,0,0,0,0,0,0,0,0,0,0,0,0,0,0,0,0,0,0,0,0,0,0,0,0,0,0,0,0,0,0,0,0,0,0,0,0,0,0,0,0,0,0,0,0,0,0,0,0,0,0,0,0,0,0,0,0,0,0,0,0,0,0,0,0,0,0,0,0,0,0,0,0,0,0,0,0,0,0,0,0,0,0,0,0,0,0,0,0,0,0,0,0,0,0,0,0,0,0,0,0,0,0,0,0,0,0,0,0,0,0,0,0,0,0,0,0,0,0,0,0,0,0,0,0,0,0,0,0,0,0,0,0,0,0,0,0,0,0,0,0,0,0,0,0,0,0,0,0,0,0,0,0,0,0
Senecio_sylvaticus,0,1,0,1,1,0,1,2,5,3,0,11,3,2,1,1,1,1,1,1,1,3,1,1,2,0,2,0,2,0,0,0,2,2,2,0,0,0,0,0,1,0,0,0,1,1,0,0,0,0,0,0,2,0,0,0,1,0,2,1,11,2,0,4,0,0,0,1,0,0,0,0,2,10,7,1,3,1,1,0,0,0,0,1,0,0,1,5,0,0,7,0,0,0,0,3,16,4,0,3,8,0,1,2,1,2,3,0,0,0,0,0,0,0,4,1,1,1,2,1,3,0,0,0,0,0,1,2,0,0,0,0,0,0,0,0,0,0,0,0,0,0,0,0,0,0,0,0,0,0,0,0,0,0,0,0,0,0,0,0,0,0,0,0,0,0,0,0,0,0,0,0,0,0,0,0,0,0,0,0,0,0,0,0,0,0,0,0,0,0,0,0,0,0,0,0,0,0,0,0,0,0,0,0,0,0,0,0,0,0,0,0,0,0,0,0,0,0,0,0,0,0,0,0,0,0,0,0,0,0,0,0,0,0,0,0,0,0,0,0,0,0,0,0,0,0,0,0,0,0,0,0,0,0,0,0,0,0,0,0,0,0,0,0,0,0,0,0,0,0,0,0,0,0,0,0,0,0,0,0,0,0,0,0,0,0,0,0,0,0,0,0,0,0,0,0,0,0,0,0,0,0,0,0,0,0,0
Senecio_vulgaris,2,1,3,4,1,0,12,2,5,7,9,12,9,3,2,2,2,4,1,1,1,3,1,1,4,0,7,0,6,0,0,0,5,4,4,2,2,2,9,10,4,0,1,4,1,5,2,8,0,0,0,0,6,1,0,0,1,0,5,11,18,8,46,15,8,1,0,3,0,1,8,0,30,10,18,1,5,14,3,6,4,5,2,1,9,1,3,4,1,1,16,1,1,8,1,3,16,4,0,6,21,2,1,11,10,2,37,8,8,8,8,5,8,0,4,2,2,1,2,1,25,1,17,2,0,2,2,10,0,0,3,1,0,1,2,0,1,1,1,1,1,1,1,1,2,10,9,8,7,12,1,1,1,1,9,1,2,1,2,1,1,2,3,1,1,1,9,1,1,1,1,38,1,0,0,0,0,0,0,0,0,0,0,0,0,0,0,0,0,0,0,0,0,0,0,0,0,0,0,0,0,0,0,0,0,0,0,0,0,0,0,0,0,0,0,0,0,0,0,0,0,0,0,0,0,0,0,0,0,0,0,0,0,0,0,0,0,0,0,0,0,0,0,0,0,0,0,0,0,0,0,0,0,0,0,0,0,0,0,0,0,0,0,0,0,0,0,0,0,0,0,0,0,0,0,0,0,0,0,0,0,0,0,0,0,0,0,0,0,0,0,0,0,0,0,0,0,0,0,0,0,0,0,0,0,0,0
Sherardia_arvensis,2,1,0,1,1,0,5,6,2,0,0,7,0,2,1,0,2,1,2,2,1,3,1,1,0,0,4,0,4,0,0,0,4,4,4,0,0,0,0,0,0,0,0,0,1,2,0,0,0,0,0,0,2,1,0,0,3,0,0,2,14,2,0,5,0,2,0,2,0,1,0,0,6,6,11,2,3,2,0,0,4,0,0,1,5,0,2,4,0,0,9,0,0,0,0,2,16,0,0,2,6,0,1,0,0,1,9,0,0,0,0,0,0,0,4,2,1,1,1,1,8,0,0,1,0,0,1,4,0,0,0,0,0,0,1,0,0,0,0,0,0,0,0,0,0,0,0,0,0,0,0,0,0,0,0,0,0,0,0,0,0,0,0,0,0,0,0,0,0,0,0,0,0,1,0,0,0,0,0,0,0,0,0,0,0,0,0,0,0,0,0,0,0,0,0,0,0,0,0,0,0,0,0,0,0,0,0,0,0,0,0,0,0,0,0,0,0,0,0,0,0,0,0,0,0,0,0,0,0,0,0,0,0,0,0,0,0,0,0,0,0,0,0,0,0,0,0,0,0,0,0,0,0,0,0,0,0,0,0,0,0,0,0,0,0,0,0,0,0,0,0,0,0,0,0,0,0,0,0,0,0,0,0,0,0,0,0,0,0,0,0,0,0,0,0,0,0,0,0,0,0,0,0,0,0,0,0
Silene_coronaria,0,0,0,0,0,0,0,0,0,0,0,0,0,0,0,0,0,0,0,0,0,0,0,0,0,0,0,0,0,0,0,0,0,0,0,0,0,0,0,0,0,0,0,0,0,0,0,0,0,0,0,0,1,0,0,0,0,0,0,1,2,0,0,1,0,0,0,1,0,0,0,0,0,2,2,1,0,0,0,0,0,0,0,0,0,0,1,0,0,0,2,0,0,0,0,0,0,0,0,0,0,0,0,0,0,0,0,0,0,0,0,0,0,0,0,0,0,0,0,0,0,0,0,0,0,0,0,0,0,0,0,0,0,0,0,0,0,0,0,0,0,0,0,0,0,0,0,0,0,0,0,0,0,0,0,0,0,0,0,0,0,0,0,0,0,0,0,0,0,0,0,0,0,0,0,0,0,0,0,0,0,0,0,0,0,0,0,0,0,0,0,0,0,0,0,0,0,0,0,0,0,0,0,0,0,0,0,0,0,0,0,0,0,0,0,0,0,0,0,0,0,0,0,0,0,0,0,0,0,0,0,0,0,0,0,0,0,0,0,0,0,0,0,0,0,0,0,0,0,0,0,0,0,0,0,0,0,0,0,0,0,0,0,0,0,0,0,0,0,0,0,0,0,0,0,0,0,0,0,0,0,0,0,0,0,0,0,0,0,0,0,0,0,0,0,0,0,0,0,0,0,0,0,0,0,0,0
Silene_gallica,0,1,0,1,1,0,0,0,0,0,0,3,0,2,1,2,1,1,3,0,1,3,1,9,0,0,0,0,5,1,1,0,3,10,6,0,0,0,1,1,0,1,1,0,1,1,0,0,0,0,0,0,1,0,0,0,4,0,0,1,9,2,0,4,0,0,0,1,0,0,0,0,5,10,20,1,3,3,0,1,0,0,0,1,4,0,1,5,0,0,5,0,0,0,0,6,23,0,0,4,10,0,1,0,6,2,3,0,0,0,0,0,0,0,4,2,1,1,2,1,7,0,0,0,0,0,2,2,0,0,0,0,0,0,0,0,0,0,0,0,0,0,0,0,0,0,0,0,0,0,0,0,0,0,0,0,0,0,0,0,0,0,0,0,0,0,0,0,0,0,0,0,0,1,1,1,2,1,4,6,0,0,0,0,0,0,0,0,0,0,0,0,0,0,0,0,0,0,0,0,0,0,0,0,0,0,0,0,0,0,0,0,0,0,0,0,0,0,0,0,0,0,0,0,0,0,0,0,0,0,0,0,0,0,0,0,0,0,0,0,0,0,0,0,0,0,0,0,0,0,0,0,0,0,0,0,0,0,0,0,0,0,0,0,0,0,0,0,0,0,0,0,0,0,0,0,0,0,0,0,0,0,0,0,0,0,0,0,0,0,0,0,0,0,0,0,0,0,0,0,0,0,0,0,0,0,0
Silybum_marianum,0,1,0,1,1,0,19,2,4,6,6,9,6,4,0,0,2,0,1,1,1,0,1,4,0,0,0,0,0,0,0,0,2,0,0,0,0,0,0,0,2,0,0,0,1,1,0,0,0,0,0,0,1,0,1,0,1,1,0,1,8,1,0,1,0,0,0,1,0,1,0,0,6,5,11,1,1,6,0,0,0,0,0,1,0,0,1,4,0,0,2,0,0,0,0,2,21,1,0,0,0,0,1,0,0,2,0,0,0,0,0,0,0,0,4,2,1,1,2,1,0,0,0,0,0,0,1,1,0,0,0,0,0,0,0,0,0,0,0,0,0,0,0,0,0,0,0,0,0,0,0,0,0,0,0,0,0,0,0,0,0,0,0,0,0,0,0,0,0,0,0,0,0,2,0,0,0,0,0,0,4,4,0,0,0,0,0,0,0,0,0,0,0,0,0,0,0,0,0,0,0,0,0,0,0,0,0,0,0,0,0,0,0,0,0,0,0,0,0,0,0,0,0,0,0,0,0,0,0,0,0,0,0,0,0,0,0,0,0,0,0,0,0,0,0,0,0,0,0,0,0,0,0,0,0,0,0,0,0,0,0,0,0,0,0,0,0,0,0,0,0,0,0,0,0,0,0,0,0,0,0,0,0,0,0,0,0,0,0,0,0,0,0,0,0,0,0,0,0,0,0,0,0,0,0,0,0
Sisymbrium_officinale,0,1,0,1,1,0,3,0,0,0,0,5,0,2,1,1,2,1,1,2,1,3,1,3,3,0,2,0,6,0,0,0,5,6,6,0,0,0,0,0,3,0,0,0,1,2,0,8,0,0,0,0,3,0,0,0,3,0,2,1,12,2,8,4,8,4,0,2,0,0,8,0,6,10,19,1,3,2,1,5,0,5,0,1,0,1,1,5,1,1,9,0,0,8,0,10,15,3,0,1,12,0,2,0,8,2,8,8,8,8,8,5,8,0,4,2,1,1,4,1,13,0,8,1,0,0,1,4,0,0,0,0,0,0,0,0,0,0,0,0,0,0,0,0,0,0,0,0,0,0,0,0,0,0,0,0,0,0,0,0,0,0,0,0,0,0,1,0,0,0,0,0,0,1,0,0,0,0,4,6,0,0,0,0,0,0,0,0,0,0,0,0,0,0,0,0,0,0,0,0,0,0,0,0,0,0,0,0,0,0,0,0,0,0,0,0,0,0,0,0,0,0,0,0,0,0,0,0,0,0,0,0,0,0,0,0,0,0,0,0,0,0,0,0,0,0,0,0,0,0,0,0,0,0,0,0,0,0,0,0,0,0,0,0,0,0,0,0,0,0,0,0,0,0,0,0,0,0,0,0,0,0,0,0,0,0,0,0,0,0,0,0,0,0,0,0,0,0,0,0,0,0,0,0,0,0,0
Sisymbrium_orientale,0,1,0,1,1,0,1,0,0,0,0,3,0,2,2,1,2,1,1,2,1,3,1,3,0,0,0,0,5,0,0,1,3,4,4,0,0,0,0,0,0,0,0,0,1,2,0,0,0,0,0,0,1,0,0,0,3,1,1,1,9,2,0,5,0,0,0,1,0,0,0,0,5,5,14,1,2,2,0,0,0,0,1,1,5,0,1,5,0,0,4,0,0,0,0,6,4,0,0,0,0,0,1,0,6,2,0,0,0,0,0,0,0,0,4,2,1,1,1,1,9,0,0,0,0,0,2,3,0,1,1,1,1,1,1,1,0,0,0,0,0,0,0,0,0,0,0,0,0,0,0,0,0,0,0,0,0,0,0,0,0,0,0,0,0,0,0,0,0,0,0,0,0,1,0,0,0,0,4,6,0,0,1,0,0,0,0,0,0,0,0,0,0,0,0,0,0,0,0,0,0,0,0,0,0,0,0,0,0,0,0,0,0,0,0,0,0,0,0,0,0,0,0,0,0,0,0,0,0,0,0,0,0,0,0,0,0,0,0,0,0,0,0,0,0,0,0,0,0,0,0,0,0,0,0,0,0,0,0,0,0,0,0,0,0,0,0,0,0,0,0,0,0,0,0,0,0,0,0,0,0,0,0,0,0,0,0,0,0,0,0,0,0,0,0,0,0,0,0,0,0,0,0,0,0,0,0
Solanum_aviculare,0,0,0,0,0,0,0,0,0,0,0,0,0,0,0,0,0,0,0,0,0,0,0,3,0,0,0,0,0,0,0,0,0,0,0,0,0,0,0,0,0,0,0,0,0,0,0,0,0,0,0,0,0,0,0,0,0,0,0,0,1,0,0,0,0,1,0,0,0,0,0,0,2,0,2,0,0,4,0,0,0,0,0,0,11,0,0,0,0,0,0,0,0,0,0,0,11,0,0,0,0,0,1,0,0,0,0,0,0,0,0,0,0,0,0,0,0,0,0,0,0,0,0,0,0,0,2,0,0,0,0,0,0,0,0,0,0,0,0,0,0,0,0,0,0,0,0,0,0,0,0,0,0,0,0,0,0,0,0,0,0,0,0,0,0,0,0,0,0,0,0,0,0,0,0,0,0,0,0,0,0,0,0,0,0,0,0,0,0,0,0,0,0,0,0,0,0,0,0,0,0,0,0,0,0,0,0,0,0,0,0,0,0,0,0,0,0,0,0,0,0,0,0,0,0,0,0,0,0,0,0,0,0,0,0,0,0,0,0,0,0,0,0,0,0,0,0,0,0,0,0,0,0,0,0,0,0,0,0,0,0,0,0,0,0,0,0,0,0,0,0,0,0,0,0,0,0,0,0,0,0,0,0,0,0,0,0,0,0,0,0,0,0,0,0,0,0,0,0,0,0,0,0,0,0,0,0
Solanum_chenopodioides,0,0,0,0,0,0,0,0,0,0,0,0,0,0,0,0,0,0,0,0,0,0,0,1,0,0,0,0,1,0,0,0,0,0,0,0,0,0,0,0,0,0,0,0,0,0,0,0,0,0,0,0,0,0,0,0,0,0,0,1,0,0,0,2,0,0,0,0,0,0,0,0,1,0,1,1,0,0,0,0,0,0,0,0,0,0,0,0,0,0,0,0,0,0,0,0,3,0,0,0,0,0,1,0,0,0,0,0,0,0,0,0,0,0,0,0,0,0,0,0,1,0,0,0,0,0,0,0,0,0,0,0,0,0,0,0,0,0,0,0,0,0,0,0,0,0,0,0,0,0,0,0,0,0,0,0,0,0,0,0,0,0,0,0,0,0,0,0,0,0,0,0,0,0,0,0,0,0,0,0,0,0,0,0,0,0,0,0,0,0,0,0,0,0,0,0,0,0,0,0,0,0,0,0,0,0,0,0,0,0,0,0,0,0,0,0,0,0,0,0,0,0,0,0,0,0,0,0,0,0,0,0,0,0,0,0,0,0,0,0,0,0,0,0,0,0,0,0,0,0,0,0,0,0,0,0,0,0,0,0,0,0,0,0,0,0,0,0,0,0,0,0,0,0,0,0,0,0,0,0,0,0,0,0,0,0,0,0,0,0,0,0,0,0,0,0,0,0,0,0,0,0,0,0,0,0,0
Solanum_dulcamara,0,1,2,3,1,0,18,0,1,1,0,4,1,2,1,0,3,1,1,1,1,3,1,1,6,0,6,1,64,1,2,3,4,15,67,2,1,1,9,17,5,9,15,2,1,5,7,0,6,0,0,6,2,0,1,2,3,0,12,9,15,21,0,14,0,0,0,2,0,4,0,5,36,10,23,1,8,7,2,9,0,0,2,1,0,1,1,7,1,1,11,0,1,0,0,5,30,3,0,4,14,1,1,1,5,2,7,0,0,0,0,0,0,5,0,1,3,1,5,1,88,0,0,1,0,1,1,19,0,1,0,0,0,0,0,0,0,0,0,0,0,0,0,3,2,0,0,0,0,0,0,0,0,0,0,0,0,0,0,0,0,0,0,0,0,0,0,0,0,0,0,0,0,0,5,0,0,1,2,3,0,0,0,1,2,0,2,1,3,3,2,2,2,3,2,2,2,2,1,1,1,4,2,1,2,2,2,2,2,2,4,1,1,1,2,48,1,1,1,1,1,1,1,1,1,1,1,1,1,3,1,1,2,1,5,1,2,1,0,0,0,0,0,0,0,0,0,0,0,0,0,0,0,0,0,0,0,0,0,0,0,0,0,0,0,0,0,0,0,0,0,0,0,0,0,0,0,0,0,0,0,0,0,0,0,0,0,0,0,0,0,0,0,0,0,0,0,0,0,0,0,0,0,0,0,0,0
Solanum_laciniatum,0,0,0,0,0,0,0,0,0,0,0,0,0,0,0,0,0,0,0,0,0,0,0,1,0,0,0,0,1,0,0,0,0,0,0,0,0,0,0,0,0,0,0,0,0,0,0,0,0,0,0,0,0,0,0,0,0,0,0,0,1,2,0,1,0,1,0,0,0,0,0,0,3,0,1,0,0,2,0,0,0,0,0,0,6,0,0,0,0,0,0,0,0,0,0,0,8,0,0,0,0,0,1,0,0,0,0,0,0,0,0,0,0,0,0,0,1,0,0,0,1,0,0,0,0,0,1,1,0,0,0,0,0,0,0,0,0,0,0,0,0,0,0,0,0,0,0,0,0,0,0,0,0,0,0,0,0,0,0,0,0,0,0,0,0,0,0,0,0,0,0,0,0,0,0,0,0,0,0,0,0,0,0,0,0,5,0,0,0,0,0,0,0,0,0,0,0,0,0,0,0,0,0,0,0,0,0,0,0,0,0,0,0,0,0,0,0,0,0,0,0,0,0,0,0,0,0,0,0,0,0,0,0,0,0,0,0,0,0,0,0,0,0,0,0,0,0,0,0,0,0,0,0,0,0,0,0,0,0,0,0,0,0,0,0,0,0,0,0,0,0,0,0,0,0,0,0,0,0,0,0,0,0,0,0,0,0,0,0,0,0,0,0,0,0,0,0,0,0,0,0,0,0,0,0,0,0
Solanum_marginatum,0,0,0,0,0,0,0,0,0,0,0,0,0,0,0,0,0,0,0,0,0,0,0,1,0,0,0,0,0,0,0,0,0,0,0,0,0,0,0,0,0,0,0,0,0,0,0,0,0,0,0,0,0,0,0,0,0,0,0,1,0,0,0,1,0,0,0,0,0,0,0,0,0,0,0,1,0,0,0,0,0,0,0,0,0,0,0,0,0,0,0,0,0,0,0,0,2,0,0,0,0,0,1,0,0,0,0,0,0,0,0,0,0,0,0,0,0,0,0,0,0,0,0,0,0,0,0,0,0,0,0,0,0,0,0,0,0,0,0,0,0,0,0,0,0,0,0,0,0,0,0,0,0,0,0,0,0,0,0,0,0,0,0,0,0,0,0,0,0,0,0,0,0,0,0,0,0,0,0,0,0,0,0,0,0,0,0,0,0,0,0,0,0,0,0,0,0,0,0,0,0,0,0,0,0,0,0,0,0,0,0,0,0,0,0,0,0,0,0,0,0,0,0,0,0,0,0,0,0,0,0,0,0,0,0,0,0,0,0,0,0,0,0,0,0,0,0,0,0,0,0,0,0,0,0,0,0,0,0,0,0,0,0,0,0,0,0,0,0,0,0,0,0,0,0,0,0,0,0,0,0,0,0,0,0,0,0,0,0,0,0,0,0,0,0,0,0,0,0,0,0,0,0,0,0,0,0
Solanum_nigrum,0,1,1,2,1,0,45,0,1,1,0,5,1,2,1,0,2,2,1,1,1,3,1,3,5,0,7,10,20,0,0,0,4,4,4,0,0,0,0,0,61,0,1,0,1,3,0,0,6,2,0,2,3,0,0,0,2,1,8,7,21,10,0,13,0,3,100,7,0,7,0,5,17,10,19,5,14,8,2,0,0,0,1,1,9,1,2,5,1,1,8,0,0,0,0,6,27,3,2,8,23,0,2,0,8,2,31,0,0,0,0,0,0,2,4,2,2,1,2,1,10,0,0,1,0,0,2,15,1,1,1,0,1,1,1,1,0,0,0,0,0,0,0,0,0,0,0,0,0,0,0,0,0,0,0,0,0,0,0,0,0,0,0,0,0,0,0,0,0,0,0,0,0,2,0,0,0,0,2,3,2,2,0,0,0,0,0,0,0,0,0,0,0,0,0,0,0,0,0,0,0,0,0,0,0,0,0,0,0,0,0,0,0,0,0,0,0,0,0,0,0,0,0,0,0,0,0,0,0,0,0,0,0,0,0,0,0,0,0,0,0,0,0,0,0,0,0,0,0,0,0,0,0,0,0,0,0,0,0,0,0,0,0,0,0,0,0,0,0,0,0,0,0,0,0,0,0,0,0,0,0,0,0,0,0,0,0,0,0,0,0,0,0,0,0,0,0,0,0,0,0,0,0,0,0,0,0
Solenogyne_dominii,0,0,0,0,0,0,0,0,0,0,0,0,0,0,0,0,0,0,0,0,0,0,0,0,0,0,0,0,0,0,0,0,0,0,0,0,0,0,0,0,0,0,0,0,0,0,0,0,0,0,0,0,0,0,0,0,0,0,0,0,1,0,0,0,0,0,0,0,0,0,0,0,0,0,0,0,0,1,0,0,0,0,0,0,5,0,0,0,0,0,0,0,0,0,0,0,2,0,0,0,0,0,0,0,0,0,0,0,0,0,0,0,0,0,0,0,0,0,0,0,0,0,0,0,0,0,1,0,0,0,0,0,0,0,0,0,0,0,0,0,0,0,0,0,0,0,0,0,0,0,0,0,0,0,0,0,0,0,0,0,0,0,0,0,0,0,0,0,0,0,0,0,0,0,0,0,0,0,0,0,0,0,0,0,0,0,0,0,0,0,0,0,0,0,0,0,0,0,0,0,0,0,0,0,0,0,0,0,0,0,0,0,0,0,0,0,0,0,0,0,0,0,0,0,0,0,0,0,0,0,0,0,0,0,0,0,0,0,0,0,0,0,0,0,0,0,0,0,0,0,0,0,0,0,0,0,0,0,0,0,0,0,0,0,0,0,0,0,0,0,0,0,0,0,0,0,0,0,0,0,0,0,0,0,0,0,0,0,0,0,0,0,0,0,0,0,0,0,0,0,0,0,0,0,0,0,0
Solenogyne_gunnii,0,0,0,0,0,0,0,0,0,0,0,0,0,0,0,0,0,0,0,0,0,0,0,0,0,0,0,0,0,0,0,0,0,0,0,0,0,0,0,0,0,0,0,0,0,0,0,0,0,0,0,0,0,0,0,0,0,0,0,0,1,0,0,0,0,1,0,0,0,0,0,0,0,0,0,0,0,0,0,0,0,0,0,0,6,0,0,0,0,0,0,0,0,0,0,0,0,0,0,0,0,0,0,0,0,0,1,0,0,0,0,0,0,0,0,0,0,0,0,0,0,0,0,0,0,0,3,0,1,0,0,0,0,0,0,0,0,0,0,0,0,0,0,0,0,0,0,0,0,0,0,0,0,0,0,0,0,0,0,0,0,0,0,0,0,0,0,0,0,0,0,0,0,0,0,0,0,0,0,0,0,0,0,0,0,0,0,0,0,0,0,0,0,0,0,0,0,0,0,0,0,0,0,0,0,0,0,0,0,0,0,0,0,0,0,0,0,0,0,0,0,0,0,0,0,0,0,0,0,0,0,0,0,0,0,0,0,0,0,0,0,0,0,0,0,0,0,0,0,0,0,0,0,0,0,0,0,0,0,0,0,0,0,0,0,0,0,0,0,0,0,0,0,0,0,0,0,0,0,0,0,0,0,0,0,0,0,0,0,0,0,0,0,0,0,0,0,0,0,0,0,0,0,0,0,0,0
Sonchus_asper,3,1,1,2,1,0,32,7,6,7,9,14,9,2,1,0,2,1,1,1,1,3,1,1,6,0,4,0,6,0,0,0,6,6,6,0,0,0,0,0,0,0,0,0,1,2,0,8,0,0,0,0,3,1,0,0,1,0,2,3,23,3,8,8,8,1,0,4,0,1,8,0,14,15,17,3,3,10,3,5,2,5,0,1,8,0,14,4,0,0,17,0,0,8,0,4,24,9,1,20,41,0,1,0,13,2,28,8,8,8,8,5,8,0,0,1,1,1,4,1,17,0,8,1,0,0,2,6,0,0,0,0,0,0,0,0,0,0,0,0,0,0,0,0,0,0,0,0,0,0,0,0,0,0,0,0,0,0,0,0,0,0,0,0,0,0,9,0,0,0,0,0,0,0,0,2,2,0,0,0,0,0,0,0,0,0,0,0,0,0,0,0,0,0,0,0,0,0,0,0,0,0,0,0,0,0,0,0,0,0,0,0,0,0,0,0,0,0,0,0,0,0,0,0,0,0,0,0,0,0,0,0,0,0,0,0,0,0,1,1,0,0,0,0,0,0,0,0,0,0,0,0,0,0,0,0,0,0,0,0,0,0,0,0,0,0,0,0,0,0,0,0,0,0,0,0,0,0,0,0,0,0,0,0,0,0,0,0,0,0,0,0,0,0,0,0,0,0,0,0,0,0,0,0,0,0,0
Sonchus_oleraceus,3,1,1,2,1,0,29,7,6,7,9,14,9,2,1,0,2,1,1,1,1,3,1,1,2,0,4,12,24,0,0,1,8,4,4,1,1,1,0,2,4,0,2,2,1,5,1,0,6,0,0,0,5,2,0,0,3,1,2,1,26,12,0,6,0,1,120,3,0,0,0,6,17,10,27,1,22,11,3,1,3,0,2,1,14,0,30,4,0,0,29,0,1,0,0,2,21,4,1,10,23,1,1,17,12,2,29,0,0,0,0,0,0,0,0,1,1,1,2,1,25,0,0,1,0,1,2,13,1,1,1,1,1,1,2,1,0,0,0,0,0,0,0,1,0,0,0,0,0,0,0,0,0,0,0,0,0,0,0,0,0,0,0,0,0,0,9,0,0,0,0,0,0,0,1,1,2,1,0,0,1,1,0,0,0,0,0,0,0,0,0,0,0,0,0,0,0,0,0,0,0,0,0,0,0,0,0,0,0,0,0,0,0,0,0,0,0,0,0,0,0,0,0,0,0,0,0,0,0,0,0,0,0,0,0,0,0,0,1,2,0,0,0,0,0,0,0,0,0,0,0,0,0,0,0,0,0,0,0,0,0,0,0,0,0,0,0,0,0,0,0,0,0,0,0,0,0,0,0,0,0,0,0,0,0,0,0,0,0,0,0,0,0,0,0,0,0,0,0,0,0,0,0,0,0,0,0
Sophora_microphylla,0,0,0,0,0,0,5,0,0,0,0,0,0,0,0,0,0,0,0,0,0,0,0,3,0,0,0,0,3,0,0,1,0,0,0,0,0,0,0,0,0,0,0,0,0,0,0,0,0,0,0,0,0,0,0,0,0,0,0,0,0,4,0,1,0,0,0,0,0,0,0,0,4,0,5,0,0,1,0,0,0,0,0,0,0,0,0,0,0,0,0,0,0,0,0,0,6,0,0,0,0,0,1,0,0,0,0,0,0,0,0,0,0,0,0,0,0,0,0,0,3,0,0,0,0,0,0,1,0,0,0,0,0,0,0,0,0,0,0,0,0,0,0,0,0,0,0,0,0,0,0,0,0,0,0,0,0,0,0,0,0,0,0,0,0,0,0,0,0,0,0,0,0,0,0,0,0,0,0,0,0,0,0,0,0,0,0,0,0,0,0,0,0,0,0,0,0,0,0,0,0,0,0,0,0,0,0,0,0,0,0,0,0,0,0,0,0,0,0,1,0,0,0,0,0,0,0,0,0,0,0,0,0,0,0,0,0,0,0,0,1,1,0,0,0,0,0,0,0,0,0,0,0,0,0,0,0,0,0,0,0,0,0,0,0,0,0,0,0,0,0,0,0,0,0,0,0,0,0,0,0,0,0,0,0,0,0,0,0,0,0,0,0,0,0,0,0,0,0,0,0,0,0,0,0,0,0
Sophora_prostrata,0,0,0,0,0,0,0,0,0,0,0,0,0,0,0,0,0,0,0,0,0,0,0,0,0,0,0,0,0,0,0,0,0,0,0,0,0,0,0,0,0,0,0,0,0,0,0,0,0,0,0,0,0,0,0,0,0,0,0,0,0,0,0,0,0,0,0,0,0,0,0,0,0,0,0,0,0,0,0,0,0,0,0,0,0,0,0,0,0,0,0,0,0,0,0,0,0,0,0,0,0,0,0,0,0,0,0,0,0,0,0,0,0,0,0,0,0,0,0,0,0,0,0,0,0,0,0,0,0,0,0,0,0,0,0,0,0,0,0,0,0,0,0,0,0,0,0,0,0,0,0,0,0,0,0,0,0,0,0,0,0,0,0,0,0,0,0,0,0,0,0,0,0,0,0,0,0,0,0,0,0,0,0,0,0,0,0,0,0,0,0,0,0,0,0,0,0,0,0,0,0,0,0,0,0,0,0,0,0,0,0,0,0,0,0,0,0,0,0,1,0,0,0,0,0,0,0,0,0,0,0,0,0,0,0,0,0,0,0,0,1,1,0,0,0,0,0,0,0,0,0,0,0,0,0,0,0,0,0,0,0,0,0,0,0,0,0,0,0,0,0,0,0,0,0,0,0,0,0,0,0,0,0,0,0,0,0,0,0,0,0,0,0,0,0,0,0,0,0,0,0,0,0,0,0,0,0
Spergula_arvensis,0,1,1,2,1,0,15,0,0,0,0,5,0,2,1,0,2,1,2,1,1,3,1,2,3,0,8,0,6,0,0,1,4,5,4,1,1,1,1,1,1,0,0,2,1,2,1,8,1,1,0,1,2,0,0,0,3,0,4,9,12,5,8,12,8,0,0,5,0,0,8,5,14,10,24,5,3,7,1,5,0,5,1,1,4,0,4,4,0,0,11,0,1,8,0,9,34,2,0,3,18,1,2,1,8,2,30,8,8,8,8,5,8,2,4,2,2,1,2,1,14,0,8,0,0,1,2,6,0,0,0,0,0,0,0,0,0,0,0,0,0,0,0,0,0,0,0,0,0,0,0,0,0,0,0,0,0,0,0,0,0,0,0,0,0,0,1,0,0,0,0,0,0,2,0,2,2,0,4,6,2,2,0,0,0,0,0,0,0,0,0,0,0,0,0,0,0,0,1,0,0,0,0,0,0,0,0,0,0,0,0,0,0,0,0,0,0,0,0,0,0,0,0,0,0,0,0,0,0,0,0,0,0,0,0,0,0,0,0,0,0,0,0,0,0,0,0,0,0,0,0,0,0,0,0,0,0,0,0,0,0,0,0,0,0,0,0,0,0,0,0,0,0,0,0,0,0,0,0,0,0,0,0,0,0,0,0,0,0,0,0,0,0,0,0,0,0,0,0,0,0,0,0,0,0,0,0
Spergularia_marina,0,0,0,0,0,0,1,0,0,0,0,0,0,0,0,0,0,0,0,0,0,0,0,2,0,0,0,0,12,0,0,0,1,16,11,1,1,1,0,0,0,0,0,2,0,1,1,0,0,0,0,0,0,0,0,0,3,0,0,0,0,2,0,4,0,0,0,0,0,0,0,0,5,8,11,0,1,1,0,0,0,0,1,0,4,0,0,0,0,0,1,0,1,0,0,0,11,0,0,0,4,1,1,1,0,0,0,0,0,0,0,0,0,0,0,0,0,0,0,0,13,0,0,0,0,1,1,4,0,0,0,0,0,0,0,0,0,0,0,0,0,0,0,0,0,0,0,0,0,0,0,0,0,0,0,0,0,0,0,0,0,0,0,0,0,0,0,0,0,0,0,0,0,0,0,0,0,0,0,0,0,0,0,0,0,0,0,0,0,0,0,0,0,0,0,0,0,0,0,0,0,0,0,0,0,0,0,0,0,0,0,0,0,0,0,0,0,0,0,0,0,0,0,0,0,0,0,0,0,0,0,0,0,0,0,0,0,0,0,0,0,0,0,0,0,0,0,0,0,0,0,0,0,0,0,0,0,0,0,0,0,0,0,0,0,0,0,0,0,0,0,0,0,0,0,0,0,0,0,0,0,0,0,0,0,0,0,0,0,0,0,0,0,0,0,0,0,0,0,0,0,0,0,0,0,0,0
Spergularia_rubra,0,1,0,1,1,0,3,0,0,0,0,5,0,2,1,0,1,1,3,2,1,3,1,2,0,0,2,0,3,0,0,1,4,3,2,0,0,0,1,1,1,0,0,0,1,1,0,0,0,0,0,0,2,0,0,0,4,1,0,4,11,2,0,4,0,0,0,1,0,0,0,5,9,7,11,1,5,5,0,0,0,0,0,1,4,1,1,4,1,1,5,0,0,0,0,11,24,1,0,1,4,0,1,0,8,2,2,0,0,0,0,0,0,1,0,2,2,1,7,1,8,0,0,0,0,0,2,3,0,0,0,0,0,0,0,0,0,0,0,0,0,0,0,0,0,0,0,0,0,0,0,0,0,0,0,0,0,0,0,0,0,0,0,0,0,0,1,0,0,0,0,0,0,1,0,0,0,0,4,6,0,0,0,0,0,0,0,0,0,0,0,0,0,0,0,0,0,0,1,0,0,0,0,0,0,0,0,0,0,0,0,0,0,0,0,0,0,0,0,0,0,0,0,0,0,0,0,0,0,0,0,0,0,0,0,0,0,0,0,0,0,0,0,0,0,0,0,0,0,0,0,0,0,0,0,0,0,0,0,0,0,0,0,0,0,0,0,0,0,0,0,0,0,0,0,0,0,0,0,0,0,0,0,0,0,0,0,0,0,0,0,0,0,0,0,0,0,0,0,0,0,0,0,0,0,0,0
Sporobolus_africanus,0,0,0,0,0,0,0,0,0,0,0,0,0,0,0,0,0,0,0,0,0,0,0,1,0,0,0,0,0,0,0,0,0,0,0,0,0,0,0,1,0,0,0,0,0,0,0,0,0,0,0,0,0,0,0,0,0,0,1,1,0,0,0,3,0,0,0,0,0,0,0,0,2,0,2,0,0,0,0,0,0,0,0,0,0,0,0,0,0,0,0,0,0,0,0,0,2,0,0,0,0,0,1,0,0,0,0,0,0,0,0,0,0,1,0,0,0,0,0,0,0,0,0,0,0,0,0,0,0,0,0,0,0,0,0,0,0,0,0,0,0,0,0,0,0,0,0,0,0,0,0,0,0,0,0,0,0,0,0,0,0,0,0,0,0,0,0,0,0,0,0,0,0,0,0,1,2,0,0,0,0,0,0,0,0,0,0,0,0,0,0,0,0,0,0,0,0,0,0,0,0,0,0,0,0,0,0,0,0,0,0,0,0,0,0,0,0,0,0,0,0,0,0,0,0,0,0,0,0,0,0,0,0,0,0,0,0,0,0,0,0,0,1,1,0,0,0,0,0,0,0,0,0,0,0,0,0,0,0,0,0,0,0,0,0,0,0,0,0,0,0,0,0,0,0,0,0,0,0,0,0,0,0,0,0,0,0,0,0,0,0,0,0,0,0,0,0,0,0,0,0,0,0,0,0,0,0
Stachys_arvensis,0,1,0,1,1,0,1,2,4,6,6,7,6,2,1,0,3,2,1,1,1,0,1,2,0,0,0,0,4,0,0,0,2,4,4,0,0,0,0,0,1,0,0,0,1,1,0,0,0,0,0,0,2,0,0,0,3,0,0,1,8,2,0,4,0,0,0,1,0,0,0,0,2,5,11,1,3,2,0,0,0,0,0,1,4,0,2,4,0,0,6,0,0,0,0,0,11,0,0,0,0,0,1,0,0,2,6,0,0,0,0,0,0,0,4,2,1,1,2,1,5,0,0,0,0,0,2,2,0,0,0,0,0,0,0,0,0,0,0,0,0,0,0,0,0,0,0,0,0,0,0,0,0,0,0,0,0,0,0,0,0,0,0,0,0,0,0,0,0,0,0,0,0,1,0,0,0,0,0,0,1,1,0,0,0,0,0,0,0,0,0,0,0,0,0,0,0,0,0,0,0,0,0,0,0,0,0,0,0,0,0,0,0,0,0,0,0,0,0,0,0,0,0,0,0,0,0,0,0,0,0,0,0,0,0,0,0,0,0,0,0,0,0,0,0,0,0,0,0,0,0,0,0,0,0,0,0,0,0,0,0,0,0,0,0,0,0,0,0,0,0,0,0,0,0,0,0,0,0,0,0,0,0,0,0,0,0,0,0,0,0,0,0,0,0,0,0,0,0,0,0,0,0,0,0,0,0
Stellaria_alsine,0,1,1,2,1,0,4,0,0,0,0,4,0,2,1,1,1,1,2,2,1,3,1,0,1,0,2,0,0,0,0,0,2,0,0,0,0,0,0,0,1,0,0,0,1,1,0,0,0,0,0,0,2,0,0,1,1,1,1,1,8,2,0,1,0,0,0,1,0,0,0,0,3,3,2,1,2,2,1,0,0,0,0,1,0,1,2,5,1,1,6,0,0,0,0,10,12,2,0,0,0,0,1,0,8,2,18,0,0,0,0,0,0,0,4,1,1,1,5,1,1,0,0,0,0,0,1,0,0,0,0,0,0,0,0,0,0,0,0,0,0,0,0,0,0,0,0,0,0,0,0,0,0,0,0,0,0,0,0,0,0,0,0,0,0,0,1,0,0,0,0,0,0,0,0,0,0,0,4,6,0,0,0,0,0,0,0,0,0,0,0,0,0,0,0,0,0,0,0,0,0,0,0,0,0,0,0,0,0,0,0,0,0,0,0,0,0,0,0,0,0,0,0,0,0,0,0,0,0,0,0,0,0,0,0,0,0,0,0,0,0,0,0,0,4,4,0,0,0,0,0,0,0,0,0,0,0,0,0,0,0,0,0,0,0,0,0,0,0,0,0,0,0,0,0,0,0,0,0,0,0,0,0,0,0,0,0,0,0,0,0,0,0,0,0,0,0,0,0,0,0,0,0,0,0,0,0
Stellaria_media,3,2,2,4,2,0,53,0,0,0,0,5,0,2,2,2,1,5,1,3,1,3,1,2,13,0,16,0,8,1,1,1,5,5,5,2,2,2,2,3,19,1,2,4,1,4,2,5,1,0,0,0,9,2,0,0,3,0,5,5,29,7,5,8,5,5,0,5,2,1,5,5,27,10,29,3,6,24,3,8,1,5,2,1,9,1,31,5,1,1,35,0,1,5,0,13,44,4,7,10,20,2,1,2,11,2,107,5,5,5,5,5,5,2,0,2,2,1,3,1,27,0,5,1,0,2,2,7,1,0,0,0,0,0,0,0,0,0,0,0,0,0,0,1,0,0,0,0,0,0,0,0,0,0,0,0,0,0,0,0,0,0,0,0,0,0,1,0,0,0,0,0,0,1,1,2,2,1,4,6,1,1,0,0,0,0,0,0,0,0,0,0,0,0,0,0,0,0,1,0,0,0,0,0,0,0,0,0,0,0,0,0,0,0,0,0,0,0,0,0,0,0,0,0,0,0,0,0,0,0,0,0,0,0,0,0,0,0,0,1,0,0,0,0,0,0,0,0,0,0,0,0,0,0,0,0,0,0,0,0,0,0,0,0,0,0,0,0,0,0,0,0,0,0,0,0,0,0,0,0,0,0,0,0,0,0,0,0,0,0,0,0,0,0,0,0,0,0,0,0,0,0,0,0,0,0,0
Streblus_heterophyllus,0,0,0,0,0,0,0,0,0,0,0,0,0,0,0,0,0,0,0,0,0,0,0,0,0,0,0,0,3,0,0,0,0,0,0,0,0,0,0,0,0,0,0,0,0,0,0,0,0,0,0,0,0,0,0,0,0,0,0,0,0,0,0,0,0,0,0,0,0,0,0,0,4,0,3,0,0,1,0,0,0,0,0,0,0,0,0,0,0,0,0,0,0,0,0,0,5,0,0,0,0,0,0,0,0,0,0,0,0,0,0,0,0,0,0,0,0,0,0,0,3,0,0,0,0,0,0,0,0,0,0,0,0,0,0,0,0,0,0,0,0,0,0,0,0,0,0,0,0,0,0,0,0,0,0,0,0,0,0,0,0,0,0,0,0,0,0,0,0,0,0,0,0,0,0,0,0,0,0,0,0,0,0,0,0,0,0,0,0,0,0,0,0,0,0,0,0,0,0,0,0,0,0,0,0,0,0,0,0,0,0,0,0,0,0,0,0,0,0,0,0,0,0,0,0,0,0,0,0,0,0,0,0,0,0,0,0,0,0,0,0,0,0,0,0,0,0,0,0,0,0,0,0,0,0,0,0,0,0,0,0,0,0,0,0,0,0,0,0,0,0,0,0,0,0,0,0,0,0,0,0,0,0,0,0,0,0,0,0,0,0,0,0,0,0,0,0,0,0,0,0,0,0,0,0,0,0
Stuartina_muelleri,0,0,0,0,0,0,0,0,0,0,0,0,0,0,0,0,0,0,0,0,0,0,0,0,0,0,0,0,1,0,0,1,0,0,0,0,0,0,0,0,0,0,0,0,0,1,0,0,0,0,0,0,0,0,0,0,0,1,0,0,3,1,0,1,0,1,0,0,0,0,0,0,1,0,1,0,1,1,0,0,0,0,1,0,5,0,0,0,0,0,1,0,0,0,0,0,0,0,0,0,0,0,0,0,0,0,0,0,0,0,0,0,0,0,0,0,0,0,0,0,0,0,0,0,0,0,2,1,0,1,1,1,1,1,1,1,0,0,0,0,0,0,0,0,0,0,0,0,0,0,0,0,0,0,0,0,0,0,0,0,0,0,0,0,0,0,0,0,0,0,0,0,0,0,0,0,0,0,0,0,0,0,0,0,0,0,0,0,0,0,0,0,0,0,0,0,0,0,0,0,0,0,0,0,0,0,0,0,0,0,0,0,0,0,0,0,0,0,0,0,0,0,0,0,0,0,0,0,0,0,0,0,0,0,0,0,0,0,0,0,0,0,0,0,0,0,1,0,0,0,0,0,0,0,0,0,0,0,0,0,0,0,0,0,0,0,0,0,0,0,0,0,0,0,0,0,0,0,0,0,0,0,0,0,0,0,0,0,0,0,0,0,0,0,0,0,0,0,0,0,0,0,0,0,0,0,0
Taraxacum_officinale,0,0,0,0,0,0,15,0,0,0,0,0,0,1,0,0,0,0,0,0,0,0,0,1,1,0,0,4,73,20,20,2,1,64,56,2,2,2,24,31,0,7,7,4,43,3,2,8,6,1,0,2,0,0,0,0,0,0,6,16,17,11,8,18,19,0,40,0,0,0,8,14,32,3,70,0,5,12,0,7,2,5,2,0,3,0,0,0,0,0,2,1,2,8,7,0,43,0,0,0,0,2,3,2,0,0,0,8,11,11,8,5,11,7,0,0,3,0,0,0,86,4,8,1,0,2,0,6,0,0,5,1,0,1,1,0,1,1,1,1,1,1,1,0,2,0,0,0,0,12,1,1,1,1,9,1,2,1,2,1,1,2,3,1,0,0,0,1,1,1,1,0,1,0,7,2,0,2,0,0,1,1,0,0,1,0,11,0,0,0,0,0,0,0,0,0,0,0,0,0,0,0,0,0,0,0,0,0,0,0,0,0,0,0,0,0,0,0,0,0,0,13,0,0,0,0,0,0,5,0,0,0,0,0,0,0,0,0,0,0,0,0,7,0,0,0,0,1,1,1,1,3,1,8,47,2,1,11,9,8,6,3,3,2,2,3,3,5,5,0,0,0,0,0,0,0,0,0,0,0,0,0,0,0,0,0,0,0,0,0,0,0,0,0,0,0,0,0,0,0,0,0,0,0,0,0,0
Thelymitra_longifolia,0,0,0,0,0,0,0,0,0,0,0,0,0,0,0,0,0,0,0,0,0,0,0,0,0,0,0,0,1,0,0,1,0,0,0,0,0,0,0,0,0,0,0,0,0,0,0,0,0,0,0,0,0,0,0,0,0,0,0,0,0,0,0,0,0,0,0,0,0,0,0,0,1,0,1,0,0,1,0,0,0,0,0,0,0,0,0,0,0,0,0,0,0,0,0,0,0,0,0,0,0,0,0,0,0,0,0,0,0,0,0,0,0,0,0,0,0,0,0,0,1,0,0,0,0,0,0,1,0,0,0,0,0,0,0,0,0,0,0,0,0,0,0,0,0,0,0,0,0,0,0,0,0,0,0,0,0,0,0,0,0,0,0,0,0,0,0,0,0,0,0,0,0,0,0,0,0,0,0,0,0,0,0,0,0,0,0,0,0,0,0,0,0,0,0,0,0,0,0,0,0,0,0,0,0,0,0,0,0,0,0,0,0,0,0,0,0,0,0,0,0,0,0,0,0,0,0,0,0,0,0,0,0,0,0,0,0,0,0,0,0,0,0,0,0,0,0,0,0,0,0,0,0,0,0,0,0,0,0,0,0,0,0,0,0,0,0,0,0,0,0,0,0,0,0,0,0,0,0,0,0,0,0,0,0,0,0,0,0,0,0,0,0,0,0,0,0,0,0,0,0,0,0,0,0,0,0
Tmesipteris_elongata,0,0,0,0,0,0,0,0,0,0,0,0,0,0,0,0,0,0,0,0,0,0,0,0,0,0,0,0,1,0,0,1,0,0,0,0,0,0,0,0,0,0,0,0,0,0,0,0,0,0,0,0,0,0,0,0,0,0,0,0,0,1,0,0,0,0,0,0,0,0,0,0,1,0,1,0,0,1,0,0,0,0,0,0,0,0,0,0,0,0,0,0,0,0,0,0,0,0,0,0,0,0,0,0,0,0,0,0,0,0,0,0,0,0,0,0,0,0,0,0,1,0,0,0,0,0,0,1,0,0,0,0,0,0,0,0,0,0,0,0,0,0,0,0,0,0,0,0,0,0,0,0,0,0,0,0,0,0,0,0,0,0,0,0,0,0,0,0,0,0,0,0,0,0,0,0,0,0,0,0,0,0,0,0,0,0,0,0,0,0,0,0,0,0,0,0,0,0,0,0,0,0,0,0,0,0,0,0,0,0,0,0,0,0,0,0,0,0,0,0,0,0,0,0,0,0,0,0,0,0,0,0,0,0,0,0,0,0,0,0,0,0,0,0,0,0,0,0,0,0,0,0,0,0,0,0,0,0,0,0,0,0,0,0,0,0,0,0,0,0,0,0,0,0,0,0,0,0,0,0,0,0,0,0,0,0,0,0,0,0,0,0,0,0,0,0,0,0,0,0,0,0,0,0,0,0,0
Tmesipteris_tannensis,0,0,0,0,0,0,0,0,0,0,0,0,0,0,0,0,0,0,0,0,0,0,0,0,0,0,0,0,1,0,0,1,0,0,0,0,0,0,0,0,0,0,0,0,0,0,0,0,0,0,0,0,0,0,0,0,0,0,0,0,0,1,0,0,0,0,0,0,0,0,0,0,1,0,1,0,0,1,0,0,0,0,0,0,0,0,0,0,0,0,0,0,0,0,0,0,0,0,0,0,0,0,0,0,0,0,0,0,0,0,0,0,0,0,0,0,0,0,0,0,1,0,0,0,0,0,0,1,0,0,0,0,0,0,0,0,0,0,0,0,0,0,0,0,0,0,0,0,0,0,0,0,0,0,0,0,0,0,0,0,0,0,0,0,0,0,0,0,0,0,0,0,0,0,0,0,0,0,0,0,0,0,0,0,0,0,0,0,0,0,0,0,0,0,0,0,0,0,0,0,0,0,0,0,0,0,0,0,0,0,0,0,0,0,0,0,0,0,0,0,0,0,0,0,0,0,0,0,0,0,0,0,0,0,0,0,0,0,0,0,0,0,0,0,0,0,0,0,0,0,0,0,0,0,0,0,0,0,0,0,0,0,0,0,0,0,0,0,0,0,0,0,0,0,0,0,0,0,0,0,0,0,0,0,0,0,0,0,0,0,0,0,0,0,0,0,0,0,0,0,0,0,0,0,0,0,0
Torilis_nodosa,0,2,1,3,2,0,4,0,0,0,0,1,0,2,1,0,2,1,0,1,1,0,1,1,0,0,0,0,7,0,0,0,1,7,7,0,0,0,0,0,0,0,0,0,0,0,0,0,0,0,0,0,1,0,0,0,2,0,0,1,4,1,0,4,0,0,0,1,0,0,0,0,4,5,8,1,2,0,0,0,1,0,0,0,1,0,2,2,0,0,2,0,0,0,0,0,4,0,0,0,4,0,1,0,0,0,2,0,0,0,0,0,0,0,4,2,0,0,1,1,5,0,0,0,0,0,0,2,0,0,0,0,0,0,0,0,0,0,0,0,0,0,0,0,0,0,0,0,0,0,0,0,0,0,0,0,0,0,0,0,0,0,0,0,0,0,0,0,0,0,0,0,0,1,0,0,0,0,0,0,1,1,1,0,0,0,0,0,0,0,0,0,0,0,0,0,0,0,0,0,0,0,0,0,0,0,0,0,0,0,0,0,0,0,0,0,0,0,0,0,0,0,0,0,0,0,0,0,0,0,0,0,0,0,0,0,0,0,0,0,0,0,0,0,0,0,0,0,0,0,0,0,0,0,0,0,0,0,0,0,0,0,0,0,0,0,0,0,0,0,0,0,0,0,0,0,0,0,0,0,0,0,0,0,0,0,0,0,0,0,0,0,0,0,0,0,0,0,0,0,0,0,0,0,0,0,0
Trachycarpus_fortunei,0,0,0,0,0,0,0,0,0,0,0,0,0,0,0,0,0,0,0,0,0,0,0,0,0,0,0,0,0,0,0,0,0,0,0,0,0,0,0,0,0,0,0,0,0,0,0,0,0,0,0,0,0,0,0,0,0,0,0,0,0,0,0,0,0,0,0,0,0,0,0,0,1,0,0,0,0,0,0,0,0,0,0,0,0,0,0,0,0,0,0,0,0,0,0,0,2,0,0,0,0,0,0,0,0,0,0,0,0,0,0,0,0,0,0,0,1,0,0,0,0,0,0,0,0,0,0,0,0,0,0,0,0,0,0,0,0,0,0,0,0,0,0,0,0,0,0,0,0,0,0,0,0,0,0,0,0,0,0,0,0,0,0,0,0,0,0,0,0,0,0,0,0,0,0,0,0,0,0,0,0,0,0,0,0,0,0,0,0,0,0,0,0,0,0,0,0,0,0,0,0,0,0,0,0,0,0,0,0,0,0,0,0,0,0,0,0,0,0,0,0,0,0,0,0,0,0,0,0,0,0,0,0,0,0,0,0,0,0,0,0,0,0,0,0,0,0,0,0,0,0,0,0,0,0,0,0,0,0,0,0,0,0,0,0,0,0,0,0,0,0,0,0,0,0,0,0,0,0,0,0,0,0,0,0,0,0,0,0,0,0,0,0,0,0,0,0,0,0,0,0,0,0,0,0,0,0
Tragopogon_porrifolius,0,1,0,1,1,0,11,0,1,1,0,2,0,3,1,0,1,1,1,1,1,0,1,1,1,0,0,0,5,0,0,0,2,5,5,0,0,0,0,0,0,0,0,0,1,2,0,0,0,0,0,0,1,0,1,0,1,1,0,2,8,4,0,2,0,0,0,0,0,0,0,0,8,8,7,2,3,4,0,0,2,0,0,1,4,0,1,4,0,0,4,0,0,0,0,0,18,0,0,0,4,0,1,2,0,1,0,0,0,0,0,0,0,0,0,2,2,1,0,1,5,0,0,1,0,0,1,1,0,0,3,1,0,1,1,0,1,1,1,1,1,1,1,0,2,0,0,0,0,12,1,1,1,1,9,1,2,1,2,1,1,2,3,1,0,0,0,1,1,1,0,0,1,1,0,0,0,0,0,0,0,0,0,0,0,0,0,0,0,0,0,0,0,0,0,0,0,0,0,0,0,0,0,0,0,0,0,0,0,0,0,0,0,0,0,0,0,0,0,0,0,0,0,0,0,0,0,0,0,0,0,0,0,0,0,0,0,0,0,0,0,0,0,0,0,0,0,0,0,0,0,0,0,0,0,0,0,0,0,0,0,0,0,0,0,0,0,0,0,0,0,0,0,0,0,0,0,0,0,0,0,0,0,0,0,0,0,0,0,0,0,0,0,0,0,0,0,0,0,0,0,0,0,0,0,0,0
Trichomanes_venosum,0,0,0,0,0,0,0,0,0,0,0,0,0,0,0,0,0,0,0,0,0,0,0,0,0,0,0,0,4,0,0,1,0,0,0,0,0,0,0,0,0,0,0,0,0,0,0,0,0,0,0,0,0,0,0,0,0,0,0,0,0,4,0,0,0,0,0,0,0,0,0,0,4,0,4,0,0,4,0,0,0,0,0,0,0,0,0,0,0,0,0,0,0,0,0,0,0,0,0,0,0,0,0,0,0,0,0,0,0,0,0,0,0,0,0,0,0,0,0,0,4,0,0,0,0,0,0,1,0,0,0,0,0,0,0,0,0,0,0,0,0,0,0,0,0,0,0,0,0,0,0,0,0,0,0,0,0,0,0,0,0,0,0,0,0,0,0,0,0,0,0,0,0,0,0,0,0,0,0,0,0,0,0,0,0,0,0,0,0,0,0,0,0,0,0,0,0,0,0,0,0,0,0,0,0,0,0,0,0,0,0,0,0,0,0,0,0,0,0,0,0,0,0,0,0,0,0,0,0,0,0,0,0,0,0,0,0,0,0,0,0,0,0,0,0,0,0,0,0,0,0,0,0,0,0,0,0,0,0,0,0,0,0,0,0,0,0,0,0,0,0,0,0,0,0,0,0,0,0,0,0,0,0,0,0,0,0,0,0,0,0,0,0,0,0,0,0,0,0,0,0,0,0,0,0,0,0
Trifolium_arvense,2,1,2,3,1,0,22,0,2,2,0,7,0,2,1,1,2,1,1,1,1,3,1,5,4,0,4,0,8,3,3,0,5,11,18,1,1,1,3,3,4,2,3,2,1,2,1,0,0,0,0,0,3,1,0,0,3,0,0,3,20,5,0,6,0,0,0,3,0,0,1,0,16,12,24,3,3,9,1,1,3,0,1,1,7,1,1,5,1,1,14,0,1,0,0,4,48,2,0,1,8,1,1,0,4,3,15,0,0,0,1,1,0,0,4,1,1,1,3,1,26,0,0,0,0,1,2,3,2,1,0,0,0,0,0,0,0,0,0,0,0,0,0,0,0,0,0,0,0,0,0,0,0,0,0,0,0,0,0,0,0,0,0,0,0,0,0,0,0,0,0,0,0,0,1,0,0,1,2,3,1,1,0,0,0,0,0,0,0,0,0,0,0,0,0,0,0,0,0,0,0,0,0,0,0,0,0,0,0,0,0,0,0,0,0,0,0,0,0,0,0,0,0,0,0,0,0,0,0,0,0,0,0,0,0,0,0,1,0,0,0,0,0,0,2,2,0,0,0,0,0,0,0,0,0,0,1,0,0,0,0,0,0,0,0,0,0,0,0,1,1,1,1,1,1,0,0,0,0,0,0,0,0,0,0,0,0,0,0,0,0,0,0,0,0,0,0,0,0,0,0,0,0,0,0,0,0
Trifolium_campestre,2,1,1,2,1,0,14,2,5,7,0,10,1,2,1,1,2,1,1,1,1,3,2,9,5,1,3,0,8,3,3,1,5,6,11,0,0,0,3,3,2,3,3,0,1,2,0,0,0,0,0,0,2,1,0,0,2,0,0,3,16,3,0,4,0,2,0,3,0,0,1,0,14,10,17,1,3,4,1,1,8,0,0,1,15,1,1,4,1,1,11,0,1,0,0,5,28,2,0,1,10,0,1,1,4,6,11,0,0,0,1,1,0,0,4,1,1,1,3,1,18,0,0,1,0,0,2,5,4,1,0,0,0,0,0,0,0,0,0,0,0,0,0,0,0,0,0,0,0,0,0,0,0,0,0,0,0,0,0,0,0,0,0,0,0,0,0,0,0,0,0,0,0,0,1,0,2,1,2,3,0,0,0,0,0,0,0,0,0,0,0,0,0,0,0,0,0,0,0,0,0,0,0,0,0,0,0,0,0,0,0,0,0,0,0,0,0,0,0,0,0,0,0,0,0,0,0,0,0,0,0,0,0,0,0,0,0,1,0,0,0,0,0,0,0,0,0,0,0,0,0,0,0,0,0,0,1,0,0,0,0,0,0,0,0,0,0,0,0,1,1,1,1,1,1,2,0,0,0,0,0,0,0,0,0,0,0,0,0,0,0,0,0,0,0,0,0,0,0,0,0,0,0,0,0,0,0
Trifolium_dubium,2,2,1,3,2,0,9,0,2,2,0,6,0,2,2,2,2,1,1,1,1,3,1,4,0,0,0,0,5,0,0,0,5,4,4,0,0,0,1,1,3,1,1,0,1,2,0,8,1,0,0,0,1,1,0,0,2,0,1,3,11,2,8,7,8,1,0,3,0,1,7,0,10,7,18,2,3,6,0,6,0,5,0,1,0,1,4,4,1,1,6,0,0,7,0,5,32,0,0,1,10,0,1,3,3,3,23,8,8,8,8,5,8,0,4,1,1,1,3,1,26,0,8,1,0,0,1,4,0,0,0,0,0,0,0,0,0,0,0,0,0,0,0,0,0,0,0,0,0,0,0,0,0,0,0,0,0,0,0,0,0,0,0,0,0,0,0,0,0,0,0,0,0,0,1,0,0,1,2,3,1,1,0,0,0,0,1,0,0,0,0,0,0,0,0,0,0,0,0,0,0,0,0,0,0,0,0,0,0,0,0,0,0,0,0,0,0,0,0,0,0,0,0,0,0,0,0,0,0,1,0,0,0,0,0,0,0,0,0,0,0,0,0,0,0,0,0,0,0,0,0,0,0,0,0,0,0,0,0,0,0,0,0,0,0,0,0,0,0,0,0,0,0,0,0,0,1,0,0,0,0,0,0,0,0,0,0,0,0,0,0,0,0,0,0,0,0,0,0,0,0,0,0,0,0,0,0
Trifolium_fragiferum,0,1,1,2,1,0,13,2,5,9,3,10,3,3,2,2,2,2,1,1,1,3,1,2,1,0,0,0,6,0,0,0,4,5,12,1,1,1,0,0,2,0,0,2,1,3,1,0,0,0,0,0,2,0,1,1,3,2,1,7,14,6,0,6,0,0,0,1,0,0,0,0,16,5,11,3,3,6,0,0,1,0,1,1,3,1,1,4,1,1,6,0,0,0,0,5,26,0,0,0,4,1,1,1,4,5,3,0,0,0,0,0,0,0,4,1,2,1,2,1,27,0,0,1,0,1,1,4,1,0,5,1,0,1,1,0,1,1,1,1,1,1,1,0,2,0,0,0,0,13,1,1,1,1,9,1,2,1,2,1,1,2,3,1,0,0,1,1,1,1,1,0,1,0,0,0,0,0,2,3,2,2,0,0,0,0,0,0,0,0,0,0,0,0,0,0,0,0,0,0,0,0,0,0,0,0,0,0,0,0,0,0,0,0,0,0,0,0,0,0,0,0,0,0,0,0,0,0,0,0,0,0,0,0,0,0,0,0,0,0,0,0,0,0,0,0,0,0,0,0,0,0,0,0,0,0,0,0,0,0,0,0,0,0,0,0,0,0,0,0,0,0,0,0,0,0,0,0,0,0,0,0,0,0,0,0,0,0,0,0,0,0,0,0,0,0,0,0,0,0,0,0,0,0,0,0,0
Trifolium_glomeratum,0,0,0,0,0,0,0,0,0,0,0,0,0,0,0,0,0,0,0,0,0,0,0,4,0,1,0,0,0,0,0,0,0,0,0,0,0,0,0,0,0,0,0,0,0,0,0,0,1,0,0,0,0,0,0,0,2,0,1,1,0,0,0,6,0,0,0,0,0,0,0,0,3,0,6,1,0,0,0,0,2,0,0,0,2,0,0,0,0,0,0,0,0,0,0,0,13,0,0,0,0,0,1,0,0,0,3,0,0,0,0,0,0,0,0,0,0,0,0,0,0,0,0,0,0,0,0,1,1,0,0,0,0,0,0,0,0,0,0,0,0,0,0,0,0,0,0,0,0,0,0,0,0,0,0,0,0,0,0,0,0,0,0,0,0,0,0,0,0,0,0,0,0,0,0,0,0,0,0,0,2,2,0,0,0,0,0,0,0,0,0,0,0,0,0,0,0,0,0,0,0,0,0,0,0,0,0,0,0,0,0,0,0,0,0,0,0,0,0,0,0,0,0,0,0,0,0,0,0,0,0,0,0,0,0,0,0,0,0,0,0,0,0,0,0,0,0,0,0,0,0,0,0,0,0,0,0,0,0,0,0,0,0,0,0,0,0,0,0,0,0,0,0,0,0,0,0,0,0,0,0,0,0,0,0,0,0,0,0,0,0,0,0,0,0,0,0,0,0,0,0,0,0,0,0,0,0
Trifolium_micranthum,0,1,0,1,1,0,0,0,2,6,0,4,0,2,0,0,1,0,1,1,1,0,1,1,0,0,0,0,7,0,0,0,3,7,7,0,0,0,0,0,0,0,0,0,1,0,0,0,0,0,0,0,1,0,0,0,3,0,0,1,6,2,0,4,0,0,0,1,0,0,0,0,2,5,11,1,3,1,0,0,0,0,0,1,0,0,2,4,0,0,3,0,0,0,0,3,5,0,0,0,0,0,1,0,3,2,0,0,0,0,0,0,0,0,4,1,1,1,2,1,7,0,0,0,0,0,1,2,0,0,0,0,0,0,0,0,0,0,0,0,0,0,0,0,0,0,0,0,0,0,0,0,0,0,0,0,0,0,0,0,0,0,0,0,0,0,0,0,0,0,0,0,0,0,0,0,0,0,1,3,0,0,0,0,0,0,0,0,0,0,0,0,0,0,0,0,0,0,0,0,0,0,0,0,0,0,0,0,0,0,0,0,0,0,0,0,0,0,0,0,0,0,0,0,0,0,0,0,0,0,0,0,0,0,0,0,0,0,0,0,0,0,0,0,0,0,0,0,0,0,0,0,0,0,0,0,0,0,0,0,0,0,0,0,0,0,0,0,0,0,0,0,0,0,0,0,0,0,0,0,0,0,0,0,0,0,0,0,0,0,0,0,0,0,0,0,0,0,0,0,0,0,0,0,0,0,0
Trifolium_ornithopodioides,0,0,0,0,0,0,0,0,0,0,0,0,0,0,0,0,0,0,0,0,0,0,0,0,0,0,0,0,0,0,0,0,1,0,0,0,0,0,0,0,0,0,0,0,0,0,0,0,1,0,0,0,0,0,0,0,2,0,0,1,1,0,0,6,0,0,0,1,0,0,0,0,2,0,8,1,0,0,0,0,0,0,0,0,0,0,1,0,0,0,0,0,0,0,0,0,5,0,0,0,0,0,0,0,0,0,0,0,0,0,0,0,0,0,0,0,0,0,0,0,0,0,0,0,0,0,0,2,0,0,0,0,0,0,0,0,0,0,0,0,0,0,0,0,0,0,0,0,0,0,0,0,0,0,0,0,0,0,0,0,0,0,0,0,0,0,0,0,0,0,0,0,0,0,0,0,0,0,0,0,0,0,0,0,0,0,0,0,0,0,0,0,0,0,0,0,0,0,0,0,0,0,0,0,0,0,0,0,0,0,0,0,0,0,0,0,0,0,0,0,0,0,0,0,0,0,0,0,0,0,0,0,0,0,0,0,0,0,0,0,0,0,0,0,0,0,0,0,0,0,0,0,0,0,0,0,0,0,0,0,0,0,0,0,0,0,0,0,0,0,0,0,0,0,0,0,0,0,0,0,0,0,0,0,0,0,0,0,0,0,0,0,0,0,0,0,0,0,0,0,0,0,0,0,0,0,0
Trifolium_pratense,6,1,3,4,1,0,38,0,2,6,0,6,6,3,1,1,2,3,1,1,1,3,1,9,6,0,2,0,70,28,28,6,6,75,82,2,2,2,34,37,5,13,17,4,51,5,3,8,10,3,0,3,3,1,1,1,4,2,21,21,39,14,8,23,13,2,0,6,0,3,8,24,72,47,107,6,5,21,2,8,1,5,2,1,3,1,3,4,1,1,14,1,0,8,1,5,73,2,0,9,29,2,4,2,14,3,56,8,12,13,8,5,13,7,4,1,6,1,3,1,151,5,8,2,2,2,1,13,0,0,5,1,0,1,1,0,1,1,1,1,1,1,1,1,2,1,1,1,1,13,1,1,1,1,9,1,2,1,2,1,1,2,3,1,1,1,3,1,1,1,1,0,1,0,8,0,0,3,2,3,2,2,0,0,0,0,11,10,0,0,0,0,10,0,0,0,0,0,2,0,0,0,0,0,0,0,0,0,0,0,0,0,0,0,0,0,0,0,0,0,0,19,0,0,0,0,0,0,9,11,0,0,0,0,0,0,0,0,0,0,0,0,0,0,2,2,0,20,20,0,0,5,0,10,40,5,0,4,0,10,0,5,4,0,0,4,4,9,5,0,0,0,0,0,0,0,2,1,10,1,1,1,10,10,2,3,2,1,1,1,1,1,1,0,0,0,0,0,0,0,0,0,0,0,0,0,0
Trifolium_repens,3,1,6,7,1,0,69,0,1,3,0,5,3,3,1,1,2,6,1,1,1,3,1,12,9,0,5,0,69,29,26,3,7,75,74,3,3,3,32,34,9,11,14,7,15,7,3,8,5,0,0,0,4,2,1,1,3,2,26,21,45,16,8,24,20,3,0,6,2,5,9,18,67,40,126,3,16,30,2,13,0,5,3,1,2,1,7,5,1,1,22,1,3,8,1,7,85,2,0,23,51,3,5,3,13,3,102,8,13,13,9,6,13,2,0,1,5,1,3,1,138,6,8,7,4,3,1,10,0,1,5,1,0,1,1,0,1,1,1,1,1,1,1,1,2,2,1,2,1,13,1,1,1,1,9,1,2,0,2,1,1,2,3,1,0,0,5,1,1,1,1,0,1,0,6,2,0,1,2,3,4,4,0,0,0,1,11,0,0,0,0,0,0,0,0,0,0,0,1,0,0,0,0,0,0,0,0,0,0,0,0,0,0,0,0,0,0,0,0,0,0,15,0,0,0,0,0,0,5,6,0,0,0,0,0,0,0,3,0,2,0,0,1,0,4,4,0,3,3,0,0,6,0,11,43,5,2,12,9,9,0,4,5,2,2,5,5,5,5,1,1,1,1,1,1,0,1,0,0,0,0,0,0,0,0,0,0,0,0,0,0,0,0,1,2,2,0,0,0,0,0,0,0,0,0,0,0
Trifolium_striatum,0,1,0,1,1,0,2,0,2,6,0,4,2,2,1,2,1,1,1,1,1,0,1,4,0,0,0,0,16,0,0,0,3,26,11,0,0,0,0,0,0,0,0,0,1,1,0,0,0,0,0,0,1,0,0,0,3,0,0,2,6,2,0,4,0,0,0,1,0,0,0,0,3,5,11,1,5,1,0,0,0,0,0,1,0,0,1,6,0,0,2,0,0,0,0,3,25,0,0,0,5,0,2,0,3,3,3,0,0,0,0,0,0,0,4,2,1,1,2,1,21,0,0,0,0,0,1,2,0,0,0,0,0,0,0,0,0,0,0,0,0,0,0,0,0,0,0,0,0,0,0,0,0,0,0,0,0,0,0,0,0,0,0,0,0,0,0,0,0,0,0,0,0,1,0,0,0,0,2,3,1,1,0,0,0,0,0,0,0,0,0,0,0,0,0,0,0,0,0,0,0,0,0,0,0,0,0,0,0,0,0,0,0,0,0,0,0,0,0,0,0,0,0,0,0,0,0,0,0,0,0,0,0,0,0,0,0,0,0,0,0,0,0,0,0,0,0,0,0,0,0,0,0,0,0,0,0,0,0,0,0,0,0,0,0,0,0,0,0,0,0,0,0,0,0,0,0,0,0,0,0,0,0,0,0,0,0,0,0,0,0,0,0,0,0,0,0,0,0,0,0,0,0,0,0,0,0
Trifolium_subterraneum,0,0,0,0,0,0,10,0,0,0,0,0,0,1,0,0,0,0,0,0,0,0,0,1,1,0,0,0,0,1,1,0,0,0,1,0,0,0,1,1,1,1,1,1,0,1,0,0,1,0,0,0,0,0,0,0,2,0,2,4,6,3,0,8,0,0,0,0,0,3,0,0,16,1,11,2,0,6,0,1,0,0,0,0,2,0,0,0,0,0,0,0,0,0,0,0,37,0,0,0,7,0,1,0,0,0,7,0,0,0,0,0,0,0,0,0,1,0,0,0,4,0,0,1,0,0,0,2,0,0,5,1,0,1,1,0,1,1,1,1,1,1,1,0,2,0,0,0,0,13,1,1,1,1,9,1,2,1,2,1,1,2,3,1,0,0,0,1,1,1,0,0,1,0,1,0,0,1,0,0,2,2,0,0,0,0,0,0,0,0,0,0,0,0,0,0,0,0,0,0,0,0,0,0,0,0,0,0,0,0,0,0,0,0,0,0,0,0,0,0,0,0,0,0,0,0,0,0,0,0,0,0,0,0,0,0,0,0,0,0,0,0,0,0,0,0,0,0,0,0,0,0,0,0,0,0,0,0,0,0,0,0,0,0,0,0,0,0,0,0,0,0,0,0,0,0,0,0,0,0,0,0,0,0,0,0,0,0,0,0,0,0,0,0,0,0,0,0,0,0,0,0,0,0,0,0,0
Trifolium_suffocatum,0,0,0,0,0,0,0,0,0,0,0,0,0,0,0,0,0,0,0,0,0,0,0,2,0,0,0,0,0,0,0,0,0,0,0,0,0,0,0,0,0,0,0,0,0,0,0,0,0,0,0,0,0,0,0,0,2,0,0,0,0,0,0,3,0,0,0,0,0,0,0,0,1,0,5,0,0,0,0,0,0,0,0,0,0,0,0,0,0,0,0,0,0,0,0,0,7,0,0,0,0,0,1,0,0,0,0,0,0,0,0,0,0,0,0,0,0,0,0,0,0,0,0,0,0,0,0,1,0,0,0,0,0,0,0,0,0,0,0,0,0,0,0,0,0,0,0,0,0,0,0,0,0,0,0,0,0,0,0,0,0,0,0,0,0,0,0,0,0,0,0,0,0,0,0,0,0,0,0,0,0,0,0,0,0,0,0,0,0,0,0,0,0,0,0,0,0,0,0,0,0,0,0,0,0,0,0,0,0,0,0,0,0,0,0,0,0,0,0,0,0,0,0,0,0,0,0,0,0,0,0,0,0,0,0,0,0,0,0,0,0,0,0,0,0,0,0,0,0,0,0,0,0,0,0,0,0,0,0,0,0,0,0,0,0,0,0,0,0,0,0,0,0,0,0,0,0,0,0,0,0,0,0,0,0,0,0,0,0,0,0,0,0,0,0,0,0,0,0,0,0,0,0,0,0,0,0
Trifolium_tomentosum,0,0,0,0,0,0,0,0,0,0,0,0,0,0,0,0,0,0,0,0,0,0,0,4,0,0,0,0,0,0,0,0,0,0,0,0,0,0,0,0,0,0,0,0,0,0,0,0,1,0,0,0,0,0,0,0,0,0,0,0,0,0,0,2,0,0,0,0,0,0,0,0,1,0,0,0,0,0,0,0,0,0,0,0,4,0,0,0,0,0,0,0,0,0,0,0,2,0,0,0,0,0,1,0,0,0,0,0,0,0,0,0,0,0,0,0,0,0,0,0,0,0,0,0,0,0,1,0,0,0,0,0,0,0,0,0,0,0,0,0,0,0,0,0,0,0,0,0,0,0,0,0,0,0,0,0,0,0,0,0,0,0,0,0,0,0,0,0,0,0,0,0,0,0,0,0,0,0,0,0,0,0,0,0,0,0,0,0,0,0,0,0,0,0,0,0,0,0,0,0,0,0,0,0,0,0,0,0,0,0,0,0,0,0,0,0,0,0,0,0,0,0,0,0,0,0,0,0,0,0,0,0,0,0,0,0,0,0,0,0,0,0,0,0,0,0,0,0,0,0,0,0,0,0,0,0,0,0,0,0,0,0,0,0,0,0,0,0,0,0,0,0,0,0,0,0,0,0,0,0,0,0,0,0,0,0,0,0,0,0,0,0,0,0,0,0,0,0,0,0,0,0,0,0,0,0,0
Tripleurospermum_inodorum,0,0,0,0,0,0,1,0,0,0,0,0,0,0,0,0,0,0,0,0,0,0,0,1,0,0,0,0,1,0,0,0,0,0,0,1,1,1,0,0,0,0,0,2,0,1,1,8,0,0,0,0,0,0,0,0,0,0,0,0,1,2,8,4,8,0,0,0,0,0,8,0,3,0,9,0,0,1,0,5,0,5,1,0,0,0,0,0,0,0,1,0,1,8,0,0,5,0,0,0,0,1,1,1,0,0,0,8,8,8,8,5,8,0,0,0,0,0,0,0,2,0,8,0,0,1,0,1,0,0,0,0,0,0,0,0,0,0,0,0,0,0,0,0,0,0,0,0,0,0,0,0,0,0,0,0,0,0,0,0,0,0,0,0,0,0,0,0,0,0,0,0,0,0,0,0,0,0,0,0,0,0,0,0,0,0,0,0,0,0,0,0,0,0,0,0,0,0,0,0,0,0,0,0,0,0,0,0,0,0,0,0,0,0,0,0,0,0,0,0,0,0,0,0,0,0,0,0,0,0,0,0,0,0,0,0,0,0,0,0,0,0,0,0,0,0,0,0,0,0,0,0,0,0,0,0,0,0,0,0,0,0,0,0,0,0,0,0,0,0,0,0,0,0,0,0,0,0,0,0,0,0,0,0,0,0,0,0,0,0,0,0,0,0,0,0,0,0,0,0,0,0,0,0,0,0,0
Triticum_aestivum,0,1,2,3,1,0,1,6,4,6,6,7,6,1,1,0,1,2,1,1,1,0,1,1,1,0,0,0,5,0,0,0,4,10,5,0,0,0,78,15,0,0,2,0,1,3,0,0,1,0,0,0,1,0,0,0,4,0,0,95,11,7,0,100,65,1,0,1,0,0,0,2,109,12,17,1,3,6,0,4,0,0,0,1,2,0,0,5,0,0,2,0,0,0,0,0,19,0,0,0,4,0,3,1,0,2,6,0,0,0,0,0,0,0,0,2,2,1,1,1,26,0,0,2,0,0,1,3,0,0,5,1,0,1,1,0,1,1,1,1,1,1,1,1,2,16,9,16,9,13,1,1,1,1,9,1,2,0,2,1,1,2,3,1,0,0,0,1,1,1,0,0,1,1,4,0,0,4,0,0,2,0,0,0,0,0,0,0,0,0,0,0,0,0,0,0,0,0,0,0,0,0,0,0,0,0,0,0,0,0,0,0,0,0,0,0,0,0,0,0,0,0,0,0,0,0,0,0,0,0,0,0,0,0,0,0,0,0,0,0,0,0,0,0,0,0,0,0,0,0,0,0,0,0,0,0,0,0,0,0,0,0,0,0,0,0,0,0,0,0,0,0,0,0,0,0,0,0,0,0,0,0,0,0,0,0,0,0,0,0,0,0,0,0,0,0,8,2,0,0,0,0,0,0,0,0,0
Tupeia_antarctica,0,0,0,0,0,0,0,0,0,0,0,0,0,0,0,0,0,0,0,0,0,0,0,0,0,0,0,0,0,0,0,0,0,0,0,0,0,0,0,0,0,0,0,0,0,0,0,0,0,0,0,0,0,0,0,0,0,0,0,0,0,0,0,1,0,0,0,0,0,0,0,0,0,0,0,0,0,0,0,0,0,0,0,0,0,0,0,0,0,0,0,0,0,0,0,0,0,0,0,0,0,0,0,0,0,0,0,0,0,0,0,0,0,0,0,0,0,0,0,0,0,0,0,0,0,0,0,0,0,0,0,0,0,0,0,0,0,0,0,0,0,0,0,0,0,0,0,0,0,0,0,0,0,0,0,0,0,0,0,0,0,0,0,0,0,0,0,0,0,0,0,0,0,0,0,0,0,0,0,0,0,0,0,0,0,0,0,0,0,0,0,0,0,0,0,0,0,0,0,0,0,0,0,0,0,0,0,0,0,0,0,0,0,0,0,0,0,0,0,1,0,0,0,0,0,0,0,0,0,0,0,0,0,0,0,0,0,0,0,0,1,1,0,0,0,0,0,0,0,0,0,0,0,0,0,0,0,0,0,0,0,0,0,0,0,0,0,0,0,0,0,0,0,0,0,0,0,0,0,0,0,0,0,0,0,0,0,0,0,0,0,0,0,0,0,0,0,0,0,0,0,0,0,0,0,0,0
Ulex_europaeus,0,1,2,3,1,0,16,0,0,0,0,3,0,2,1,0,3,0,1,1,1,3,1,2,2,1,0,1,8,0,0,1,2,10,61,2,1,1,5,13,1,5,12,2,1,3,6,0,8,0,0,3,2,0,0,2,5,0,2,7,8,21,0,10,0,1,0,1,0,0,0,7,27,10,24,1,4,6,1,8,3,0,2,1,8,1,1,4,1,1,6,0,1,0,0,7,32,2,0,1,5,1,2,2,7,2,8,0,0,0,0,0,0,5,4,2,5,1,3,1,68,0,0,0,0,1,2,8,3,0,0,0,0,1,0,0,0,0,0,0,0,0,0,4,0,0,0,0,0,0,0,0,0,0,0,0,0,0,0,0,1,0,0,1,0,0,0,0,0,0,0,0,0,2,5,0,0,1,4,6,2,2,1,1,0,0,0,0,4,4,3,3,3,3,3,3,3,3,0,0,1,5,3,3,0,0,3,3,3,3,0,1,1,1,0,48,1,1,1,1,1,1,1,0,1,0,1,1,1,1,1,1,2,1,5,1,2,1,1,0,0,0,0,0,0,0,0,0,0,0,0,0,0,0,0,0,0,0,0,0,0,0,0,0,0,0,0,0,0,0,0,0,0,0,0,0,0,0,0,0,0,0,0,0,0,0,0,0,0,0,0,0,0,0,0,0,0,0,1,1,0,0,0,0,0,0,0
Uncinia_scabra,0,0,0,0,0,0,0,0,0,0,0,0,0,0,0,0,0,0,0,0,0,0,0,0,0,0,0,0,1,0,0,1,0,0,0,0,0,0,0,0,0,0,0,0,0,0,0,0,0,0,0,0,0,0,0,0,0,0,0,0,0,0,0,0,0,0,0,0,0,0,0,0,1,0,1,0,0,1,0,0,0,0,0,0,0,0,0,0,0,0,0,0,0,0,0,0,0,0,0,0,0,0,0,0,0,0,0,0,0,0,0,0,0,0,0,0,0,0,0,0,1,0,0,0,0,0,0,1,0,0,0,0,0,0,0,0,0,0,0,0,0,0,0,0,0,0,0,0,0,0,0,0,0,0,0,0,0,0,0,0,0,0,0,0,0,0,0,0,0,0,0,0,0,0,0,0,0,0,0,0,0,0,0,0,0,5,0,0,0,0,0,0,0,0,0,0,0,0,0,0,0,0,0,0,0,0,0,0,0,0,0,0,0,0,0,0,0,0,0,0,0,0,0,0,0,0,0,0,0,0,0,0,0,0,0,0,0,0,0,0,0,0,0,0,0,0,0,0,0,0,0,0,0,0,0,0,0,0,0,0,0,0,0,0,0,0,0,0,0,0,0,0,0,0,0,0,0,0,0,0,0,0,0,0,0,0,0,0,0,0,0,0,0,0,0,0,0,0,0,0,0,0,0,0,0,0,0
Uncinia_uncinata,0,0,0,0,0,0,0,0,0,0,0,0,0,0,0,0,0,0,0,0,0,0,0,0,0,0,0,0,7,0,0,1,0,0,0,0,0,0,0,0,0,0,0,0,0,0,0,0,0,1,1,1,0,0,0,0,0,0,0,1,0,1,0,1,0,0,0,0,0,0,0,0,9,0,7,0,0,7,0,0,0,0,0,0,0,0,0,0,0,0,0,0,0,0,0,0,5,0,0,0,0,0,1,0,0,0,0,0,0,0,0,0,0,1,0,0,0,0,0,0,7,0,0,0,0,0,0,2,0,0,0,0,0,0,0,0,0,0,0,0,0,0,0,0,0,0,0,0,0,0,0,0,0,0,0,0,0,0,0,0,0,0,0,0,0,0,0,0,0,0,0,0,0,0,0,0,0,0,0,0,0,0,0,0,0,0,0,0,0,0,0,0,0,0,0,0,0,0,0,0,0,0,0,0,0,0,0,0,0,0,0,0,0,0,0,0,0,0,0,0,0,0,0,0,0,0,0,0,0,0,0,0,0,0,0,0,0,0,0,0,0,0,0,0,0,0,0,0,0,0,0,0,0,0,0,0,0,0,0,0,0,0,0,0,0,0,0,0,0,0,0,0,0,0,0,0,0,0,0,0,0,0,0,0,0,0,0,0,0,0,0,0,0,0,0,0,0,0,0,0,0,0,0,0,0,0,0
Urtica_ferox,0,0,0,0,0,0,0,0,0,0,0,0,0,0,0,0,0,0,0,0,0,0,0,0,0,0,0,0,0,0,0,0,0,0,0,0,0,0,0,0,0,0,0,0,0,0,0,0,0,0,0,0,0,0,0,0,0,0,0,0,0,0,0,0,0,0,0,0,0,0,0,0,1,0,0,0,0,1,0,0,0,0,0,0,0,0,0,0,0,0,0,0,0,0,0,0,5,0,0,0,0,0,0,0,0,0,0,0,0,0,0,0,0,0,0,0,0,0,0,0,0,0,0,0,0,0,0,0,0,0,0,0,0,0,0,0,0,0,0,0,0,0,0,0,0,0,0,0,0,0,0,0,0,0,0,0,0,0,0,0,0,0,0,0,0,0,0,0,0,0,0,0,0,0,0,0,0,0,0,0,0,0,0,0,0,0,0,0,0,0,0,0,0,0,0,0,0,0,0,0,0,0,0,0,0,0,0,0,0,0,0,0,0,0,0,0,0,0,0,0,0,0,0,0,0,0,0,0,0,0,0,0,0,0,0,0,0,0,0,0,0,0,0,0,0,0,0,0,0,0,0,0,0,0,0,0,0,0,0,0,0,0,0,0,0,0,0,0,0,0,0,0,0,0,0,0,0,0,0,0,0,0,0,0,0,0,0,0,0,0,0,0,0,0,0,0,0,0,0,0,0,0,0,0,0,0,0
Urtica_incisa,0,0,0,0,0,0,0,0,0,0,0,0,0,0,0,0,0,0,0,0,0,0,0,0,0,0,0,0,0,0,0,0,0,0,0,0,0,0,0,0,0,0,0,0,0,0,0,0,0,0,0,0,0,0,0,0,0,0,0,0,1,0,0,0,0,0,0,0,0,0,0,0,0,0,0,0,0,0,0,0,0,0,0,0,4,0,0,0,0,0,0,0,0,0,0,0,2,0,0,0,0,0,0,0,0,0,1,0,0,0,0,0,0,0,0,0,0,0,0,0,0,0,0,0,0,0,2,0,1,0,0,0,0,0,0,0,0,0,0,0,0,0,0,0,0,0,0,0,0,0,0,0,0,0,0,0,0,0,0,0,0,0,0,0,0,0,0,0,0,0,0,0,0,0,0,0,0,0,0,0,0,0,0,0,0,0,0,0,0,0,0,0,0,0,0,0,0,0,0,0,0,0,0,0,0,0,0,0,0,0,0,0,0,0,0,0,0,0,0,0,0,0,0,0,0,0,0,0,0,0,0,0,0,0,0,0,0,0,0,0,0,0,0,0,0,0,0,0,0,0,0,0,0,0,0,0,0,0,0,0,0,0,0,0,0,0,0,0,0,0,0,0,0,0,0,0,0,0,0,0,0,0,0,0,0,0,0,0,0,0,0,0,0,0,0,0,0,0,0,0,0,0,0,0,0,0,0
Urtica_urens,0,2,1,3,2,0,2,3,4,5,3,7,5,2,0,0,2,0,2,2,1,0,1,1,1,0,4,0,2,0,0,0,5,2,2,0,0,0,0,0,1,0,0,0,1,1,0,0,1,0,0,0,2,0,0,0,3,0,1,2,9,3,0,7,0,0,0,2,0,0,0,0,8,10,11,1,3,3,1,0,0,0,0,1,4,1,1,4,1,1,4,0,0,0,0,2,11,2,0,3,17,0,1,1,2,3,16,0,0,0,0,0,0,0,0,2,1,1,2,1,3,0,0,0,0,0,2,2,0,0,0,0,0,0,0,0,0,0,0,0,0,0,0,0,0,0,0,0,0,0,0,0,0,0,0,0,0,0,0,0,0,0,0,0,0,0,1,0,0,0,0,0,0,1,0,0,0,0,0,0,0,0,0,0,0,0,0,0,0,0,0,0,0,0,0,0,0,0,0,0,0,0,0,0,0,0,0,0,0,0,0,0,0,0,0,0,0,0,0,0,0,0,0,0,0,0,0,0,0,0,0,0,0,0,0,0,0,0,0,0,0,0,0,0,0,0,0,0,0,0,0,0,0,0,0,0,0,0,0,0,0,0,0,0,0,0,0,0,0,0,0,0,0,0,0,0,0,0,0,0,0,0,0,0,0,0,0,0,0,0,0,0,0,0,0,0,0,0,0,0,0,0,0,0,0,0,0
Verbascum_thapsus,0,1,0,1,1,0,9,0,0,0,0,4,0,2,1,0,2,2,1,1,1,3,1,4,5,0,4,1,22,1,1,2,9,20,20,0,0,0,2,2,3,1,1,0,3,2,0,0,0,0,0,1,5,0,1,0,3,1,6,7,13,3,0,7,1,2,0,3,0,0,0,5,12,28,33,3,5,8,3,1,0,0,0,1,0,1,6,5,1,1,15,0,0,0,0,17,31,2,0,5,12,0,2,0,8,2,13,0,0,0,0,0,0,1,4,1,2,1,3,1,30,0,0,1,0,0,1,5,0,0,0,0,0,0,0,0,0,0,0,0,0,0,0,0,0,0,0,0,0,0,0,0,0,0,0,0,0,0,0,0,0,0,0,0,0,0,0,0,0,0,0,0,0,0,1,0,0,1,4,6,0,0,0,0,1,0,1,0,0,0,0,0,0,0,0,0,0,0,1,0,0,0,0,0,0,0,0,0,0,0,0,0,0,0,0,0,0,0,0,0,0,5,0,0,0,0,0,0,5,5,0,0,0,0,0,0,0,0,0,0,0,0,1,0,2,2,0,20,20,1,1,0,1,0,13,0,0,1,0,0,0,0,0,0,0,0,1,5,0,1,0,0,0,0,0,0,0,0,0,0,0,0,0,0,0,0,0,0,0,0,0,0,0,0,0,0,0,0,0,0,1,1,1,1,0,0,0
Verbascum_virgatum,0,0,0,0,0,0,0,0,0,0,0,0,0,0,0,0,0,0,0,0,0,0,0,2,1,0,2,0,2,0,0,0,1,2,2,0,0,0,0,0,0,0,0,0,0,0,0,0,0,0,0,0,0,0,0,0,1,0,0,1,0,0,0,4,0,0,0,1,0,0,0,0,3,3,2,1,0,0,1,0,0,0,0,0,0,0,0,0,0,0,0,0,0,0,0,1,9,2,0,0,0,0,1,0,1,0,0,0,0,0,0,0,0,0,0,0,0,0,0,0,3,0,0,0,0,0,0,1,0,0,0,0,0,0,0,0,0,0,0,0,0,0,0,0,0,0,0,0,0,0,0,0,0,0,0,0,0,0,0,0,0,0,0,0,0,0,0,0,0,0,0,0,0,0,0,0,0,0,0,0,0,0,0,0,0,0,0,0,0,0,0,0,0,0,0,0,0,0,0,0,0,0,0,0,0,0,0,0,0,0,0,0,0,0,0,0,0,0,0,0,0,0,0,0,0,0,0,0,0,0,0,0,0,0,0,0,0,0,0,0,0,0,0,0,0,0,0,0,0,0,0,0,0,0,0,0,0,0,0,0,0,0,0,0,0,0,0,0,0,0,0,0,0,0,0,0,0,0,0,0,0,0,0,0,0,0,0,0,0,0,0,0,0,0,0,0,0,0,0,0,0,0,0,0,0,0,0
Verbena_officinalis,0,1,0,1,1,0,6,6,4,6,6,8,6,2,1,0,2,1,1,1,1,3,1,2,4,0,2,0,6,0,0,1,4,10,5,0,0,0,0,0,0,0,0,0,1,3,0,0,1,0,0,0,2,0,1,0,5,3,1,1,10,3,0,5,0,2,0,2,0,0,0,0,5,15,17,1,6,3,1,0,0,0,1,1,0,0,1,4,0,0,9,0,0,0,0,3,13,2,0,0,4,0,1,1,1,2,4,0,0,0,0,0,0,0,4,2,1,1,4,1,6,0,0,1,0,0,1,5,0,1,1,1,1,1,1,1,0,0,0,0,0,0,0,0,0,0,0,0,0,0,0,0,0,0,0,0,0,0,0,0,0,0,0,0,0,0,0,0,0,0,0,0,0,1,0,0,0,0,0,0,0,0,0,0,0,0,0,0,0,0,0,0,0,0,0,0,0,0,0,0,0,0,0,0,0,0,0,0,0,0,0,0,0,0,0,0,0,0,0,0,0,0,0,0,0,0,0,0,0,0,0,0,0,0,0,0,0,0,0,0,0,0,0,0,0,0,0,0,0,0,0,0,0,0,0,0,0,0,0,0,0,0,0,0,0,0,0,0,0,0,0,0,0,0,0,0,0,0,0,0,0,0,0,0,0,0,0,0,0,0,0,0,0,0,0,0,0,0,0,0,0,0,0,0,0,0,0
Veronica_arvensis,1,1,0,1,1,0,20,0,0,0,0,5,0,2,1,3,2,1,1,1,1,3,1,1,5,0,7,0,11,1,1,0,6,15,16,0,0,0,1,1,2,0,1,0,1,3,0,8,0,0,0,0,3,1,0,0,3,0,1,1,26,3,8,4,8,1,0,2,0,0,9,0,14,16,32,1,3,13,4,6,1,5,0,1,1,1,4,5,1,1,6,0,1,8,0,12,44,3,3,10,26,0,1,1,12,2,40,8,8,8,9,6,8,0,4,2,1,1,4,1,33,0,8,2,0,0,1,4,1,1,0,0,0,0,0,0,0,0,0,0,0,0,0,0,0,0,0,0,0,0,0,0,0,0,0,0,0,0,0,0,0,0,0,0,0,0,2,0,0,0,0,0,0,1,0,0,0,0,4,6,0,0,0,0,0,0,0,0,0,0,0,0,0,0,0,0,0,0,0,0,0,0,0,0,0,0,0,0,0,0,0,0,0,0,0,0,0,0,0,0,0,0,0,0,0,0,0,0,0,0,0,0,0,0,0,0,0,1,0,0,0,0,0,0,0,0,0,0,0,0,0,0,0,0,0,0,1,0,0,0,0,0,0,0,0,0,0,0,0,1,1,1,1,1,1,0,0,0,0,0,0,0,0,0,0,0,0,0,0,0,0,0,0,0,0,0,0,0,0,0,0,0,0,0,0,0,0
Veronica_persica,2,1,1,2,1,0,12,0,0,0,0,5,0,2,1,0,2,1,1,1,1,3,1,2,3,0,7,0,7,2,2,0,4,6,7,1,1,1,2,2,0,1,1,2,1,3,1,0,0,0,0,0,3,1,0,1,3,0,1,1,25,4,0,5,0,1,0,2,0,1,0,0,13,11,16,1,3,12,1,2,0,0,1,1,0,0,2,4,0,0,8,0,1,0,0,11,22,2,3,10,28,1,1,1,17,2,36,0,1,1,0,0,2,0,4,2,1,1,2,1,21,1,0,6,0,1,1,6,0,0,0,0,0,0,0,0,0,0,0,0,0,0,0,0,0,0,0,0,0,0,0,0,0,0,0,0,0,0,0,0,0,0,0,0,0,0,8,0,0,0,0,0,0,1,1,0,0,1,4,6,0,0,1,0,0,0,1,0,0,0,0,0,0,0,0,0,0,0,0,0,0,0,0,0,0,0,0,0,0,0,0,0,0,0,0,0,0,0,0,0,0,2,0,0,0,0,0,0,0,0,0,0,0,0,0,0,0,0,0,0,0,0,0,0,0,0,0,0,0,0,0,1,0,2,0,0,0,0,0,2,0,1,1,0,0,1,1,0,0,0,0,0,0,0,0,0,0,0,0,0,0,0,0,0,0,0,0,0,0,0,0,0,0,0,0,0,0,0,0,0,0,0,0,0,5,1,0
Veronica_serpyllifolia,1,1,0,1,1,0,10,0,0,0,0,4,0,2,1,1,2,1,1,1,1,3,1,3,0,0,1,0,2,0,0,0,5,2,2,0,0,0,0,0,1,0,0,0,1,3,0,0,0,0,0,0,5,1,0,1,4,1,1,3,17,3,0,6,0,3,0,3,0,1,0,0,10,8,13,3,4,8,1,0,0,0,0,1,0,1,4,5,1,1,4,0,0,0,0,10,23,1,3,7,16,0,1,0,8,2,37,0,0,0,0,0,0,0,4,1,1,1,4,1,8,0,0,6,1,0,1,5,0,0,0,0,0,0,0,0,0,0,0,0,0,0,0,0,0,0,0,0,0,0,0,0,0,0,0,0,0,0,0,0,0,0,0,0,0,0,1,0,0,0,0,0,0,0,0,0,0,0,4,6,0,0,0,0,0,1,0,0,0,0,0,0,0,0,0,0,0,0,0,0,0,0,0,0,0,0,0,0,0,0,0,0,0,0,0,0,0,0,0,0,0,0,0,0,0,0,0,0,0,0,0,0,0,0,0,0,0,0,0,0,0,0,0,0,2,2,0,0,0,0,0,0,0,0,0,0,0,0,0,0,0,0,0,0,0,0,0,0,0,0,0,0,0,0,0,0,0,0,0,0,0,0,0,0,0,0,0,0,0,0,0,0,0,0,0,0,0,0,0,0,0,0,0,0,0,0,0
Vicia_hirsuta,0,1,6,7,1,0,6,0,0,0,0,5,0,2,1,1,2,1,1,1,1,3,1,3,4,0,6,0,6,0,0,0,4,6,6,0,0,0,0,1,2,0,0,0,1,2,0,8,0,0,0,0,2,0,0,1,3,0,2,1,14,2,8,4,8,1,0,2,0,0,8,0,10,10,21,1,6,3,1,5,0,5,0,1,0,1,1,4,1,1,6,1,0,8,1,9,26,2,0,5,15,0,1,0,9,2,43,8,8,8,8,5,8,0,4,1,1,1,4,1,15,1,8,1,0,0,1,6,0,0,0,0,0,0,0,0,0,0,0,0,0,0,0,0,0,0,0,0,0,0,0,0,0,0,0,0,0,0,0,0,0,0,0,0,0,0,0,0,0,0,0,0,0,0,0,0,0,0,4,6,1,1,0,0,0,0,0,0,0,0,0,0,0,0,0,0,0,0,0,0,0,0,0,0,0,0,0,0,0,0,0,0,0,0,0,0,0,0,0,0,0,0,0,0,0,0,0,0,0,0,0,0,0,0,0,0,0,0,0,0,0,0,0,0,2,2,0,0,0,0,0,0,0,0,0,0,0,0,0,0,0,0,0,0,0,0,0,0,0,0,0,0,0,0,0,0,0,0,0,0,0,0,0,0,0,0,0,0,0,0,0,0,0,0,0,0,0,0,0,0,0,0,0,0,0,0,0
Vicia_lutea,0,1,4,5,1,0,3,0,0,0,0,4,0,3,1,1,2,1,1,1,1,0,1,4,1,0,0,0,0,0,0,0,2,0,0,0,0,0,0,0,0,0,0,0,1,2,0,0,0,0,0,0,1,0,0,1,3,0,0,2,11,4,0,4,0,0,0,1,0,0,0,0,7,5,13,1,5,4,0,0,0,0,0,1,2,0,1,4,0,0,3,0,0,0,0,7,11,0,0,0,0,0,1,0,6,2,1,0,0,0,0,0,0,0,4,2,2,1,2,1,0,0,0,1,0,0,1,2,0,0,5,1,0,1,1,0,1,1,1,1,1,1,1,0,2,0,0,0,0,13,1,1,1,1,9,1,2,0,2,1,1,2,3,1,0,0,0,1,1,1,0,0,1,1,0,0,0,0,4,6,1,1,1,0,0,0,0,0,0,0,0,0,0,0,0,0,0,0,0,0,0,0,0,0,0,0,0,0,0,0,0,0,0,0,0,0,0,0,0,0,0,0,0,0,0,0,0,0,0,0,0,0,0,0,0,0,0,0,0,0,0,0,0,0,0,0,0,0,0,0,0,0,0,0,0,0,0,0,0,0,0,0,0,0,0,0,0,0,0,0,0,0,0,0,0,0,0,0,0,0,0,0,0,0,0,0,0,0,0,0,0,0,0,0,0,0,0,0,0,0,0,0,0,0,0,0,0
Vicia_sativa,3,1,9,10,1,0,22,0,0,0,0,4,0,3,2,1,2,2,1,1,1,3,2,9,3,0,2,2,18,2,2,1,8,14,16,0,0,0,2,2,6,2,2,0,1,3,0,8,1,0,0,0,7,1,0,1,2,0,4,5,27,7,8,7,8,2,20,5,0,6,8,1,32,17,32,4,15,17,0,7,2,5,0,1,5,0,6,4,0,0,14,0,0,8,0,11,58,0,0,3,13,0,3,0,10,3,28,8,8,8,8,5,9,0,4,2,2,1,2,1,35,0,8,2,1,0,1,9,3,0,5,1,0,1,1,0,1,1,1,1,1,1,1,0,2,0,0,0,0,13,1,1,1,1,9,1,1,1,0,1,1,2,3,1,0,0,3,1,1,1,1,0,1,1,1,0,5,1,4,6,10,9,0,0,0,0,0,0,0,0,0,0,0,0,0,0,0,0,0,0,0,0,0,0,0,0,0,0,0,0,0,0,0,0,0,0,0,0,0,0,0,1,0,0,0,0,0,0,0,0,0,0,0,0,0,0,0,0,0,0,0,0,0,0,0,0,0,0,0,0,0,0,0,1,0,0,0,0,0,1,0,0,0,0,0,0,0,0,0,0,0,0,0,0,0,4,0,0,0,0,0,0,0,0,0,0,0,0,0,0,0,0,0,0,0,0,0,0,0,0,0,0,0,0,5,1,2
Vicia_tetrasperma,2,1,4,5,1,0,7,0,0,0,0,5,0,2,1,0,2,1,1,1,1,3,1,3,3,0,2,0,5,0,0,0,4,4,2,0,0,0,0,0,1,0,0,0,1,2,0,8,0,0,0,0,3,1,0,1,3,0,1,3,20,3,8,5,8,2,0,3,0,0,9,0,16,7,23,2,6,6,0,5,1,5,0,1,5,0,4,5,0,0,9,0,1,8,0,12,17,0,0,5,20,0,1,1,10,2,25,8,8,8,9,6,8,0,4,1,1,1,3,1,14,0,8,1,0,0,2,6,1,1,0,0,0,0,0,0,0,0,0,0,0,0,0,0,0,0,0,0,0,0,0,0,0,0,0,0,0,0,0,0,0,0,0,0,0,0,0,0,0,0,0,0,0,0,0,0,0,0,4,6,0,0,0,0,0,1,0,0,0,0,0,0,0,0,0,0,0,0,0,0,0,0,0,0,0,0,0,0,0,0,0,0,0,0,0,0,0,0,0,0,0,0,0,0,0,0,0,0,0,0,0,0,0,0,0,0,0,1,0,0,0,0,0,0,0,0,0,0,0,0,0,0,0,0,0,0,1,0,0,0,0,0,0,0,0,0,0,0,0,1,1,1,1,1,1,0,0,0,0,0,0,0,0,0,0,0,0,0,0,0,0,0,0,0,0,0,0,0,0,0,0,0,0,0,0,0,0
Vinca_major,0,0,0,0,0,0,0,0,0,0,0,0,0,0,0,0,0,0,0,0,0,0,0,0,0,0,0,0,3,0,0,0,1,2,2,0,0,0,0,0,0,0,0,0,0,0,0,0,0,0,0,0,1,0,0,0,1,0,1,1,0,0,0,4,0,0,0,1,0,0,0,0,4,0,3,1,0,0,0,0,0,0,0,0,0,0,0,0,0,0,2,0,0,0,0,0,0,0,0,0,0,0,1,0,0,0,0,0,0,0,0,0,0,0,0,0,1,0,0,0,4,0,0,0,0,0,0,3,0,0,0,0,0,0,0,0,0,0,0,0,0,0,0,0,0,0,0,0,0,0,0,0,0,0,0,0,0,0,0,0,0,0,0,0,0,0,0,0,0,0,0,0,0,0,0,0,0,0,0,0,0,0,0,0,0,0,0,0,0,0,0,0,0,0,0,0,0,0,0,0,0,0,0,0,0,0,0,0,0,0,0,0,0,0,0,0,0,0,0,0,0,0,0,0,0,0,0,0,0,0,0,0,0,0,0,0,0,0,0,0,0,0,0,0,0,0,0,0,0,0,0,0,0,0,0,0,0,0,0,0,0,0,0,0,0,0,0,0,0,0,0,0,0,0,0,0,0,0,0,0,0,0,0,0,0,0,0,0,0,0,0,0,0,0,0,0,0,0,0,0,0,0,0,0,0,0,0
Viola_cunninghamii,0,0,0,0,0,0,0,0,0,0,0,0,0,0,0,0,0,0,0,0,0,0,0,0,0,0,0,0,1,0,0,1,0,0,0,0,0,0,0,0,0,0,0,0,0,0,0,0,0,0,0,0,0,0,0,0,0,0,0,0,0,0,0,1,0,0,0,0,0,0,0,0,1,0,1,0,0,0,0,0,0,0,0,0,0,0,0,0,0,0,0,0,0,0,0,0,0,0,0,0,0,0,0,0,0,0,0,0,0,0,0,0,0,0,0,0,0,0,0,0,1,0,0,0,0,0,0,1,0,0,0,0,0,0,0,0,0,0,0,0,0,0,0,0,0,0,0,0,0,0,0,0,0,0,0,0,0,0,0,0,0,0,0,0,0,0,0,0,0,0,0,0,0,0,0,0,0,0,0,0,0,0,0,0,0,0,0,0,0,0,0,0,0,0,0,0,0,0,0,0,0,0,0,0,0,0,0,0,0,0,0,0,0,0,0,0,0,0,0,0,0,0,0,0,0,0,0,0,0,0,0,0,0,0,0,0,0,0,0,0,0,0,0,0,0,0,0,0,0,0,0,0,0,0,0,0,0,0,0,0,0,0,0,0,0,0,0,0,0,0,0,0,0,0,0,0,0,0,0,0,0,0,0,0,0,0,0,0,0,0,0,0,0,0,0,0,0,0,0,0,0,0,0,0,0,0,0
Vittadinia_australis,0,0,0,0,0,0,0,0,0,0,0,0,0,0,0,0,0,0,0,0,0,0,0,0,0,0,0,0,0,0,0,0,0,0,0,0,0,0,0,0,0,0,0,0,0,0,0,0,0,0,0,0,0,0,0,0,0,0,0,0,0,0,0,0,0,0,0,0,0,0,0,0,0,0,0,0,0,0,0,0,0,0,0,0,0,0,0,0,0,0,0,0,0,0,0,0,2,0,0,0,0,0,0,0,0,0,0,0,0,0,0,0,0,0,0,0,0,0,0,0,0,0,0,0,0,0,0,0,0,0,0,0,0,0,0,0,0,0,0,0,0,0,0,0,0,0,0,0,0,0,0,0,0,0,0,0,0,0,0,0,0,0,0,0,0,0,0,0,0,0,0,0,0,0,0,0,0,0,0,0,0,0,0,0,0,0,0,0,0,0,0,0,0,0,0,0,0,0,0,0,0,0,0,0,0,0,0,0,0,0,0,0,0,0,0,0,0,0,0,0,0,0,0,0,0,0,0,0,0,0,0,0,0,0,0,0,0,0,0,0,0,0,0,0,0,0,0,0,0,0,0,0,0,0,0,0,0,0,0,0,0,0,0,0,0,0,0,0,0,0,0,0,0,0,0,0,0,0,0,0,0,0,0,0,0,0,0,0,0,0,0,0,0,0,0,0,0,0,0,0,0,0,0,0,0,0,0
Vittadinia_gracilis,0,0,0,0,0,0,0,0,0,0,0,0,0,0,0,0,0,0,0,0,0,0,0,0,0,0,0,0,0,0,0,0,0,0,0,0,0,0,0,0,0,0,0,0,0,0,0,0,0,0,0,0,0,0,0,0,0,0,0,0,0,0,0,0,0,0,0,0,0,0,0,0,0,0,0,0,0,0,0,0,0,0,0,0,0,0,0,0,0,0,0,0,0,0,0,0,2,0,0,0,0,0,0,0,0,0,0,0,0,0,0,0,0,0,0,0,0,0,0,0,0,0,0,0,0,0,0,0,0,0,0,0,0,0,0,0,0,0,0,0,0,0,0,0,0,0,0,0,0,0,0,0,0,0,0,0,0,0,0,0,0,0,0,0,0,0,0,0,0,0,0,0,0,0,0,0,0,0,0,0,0,0,0,0,0,0,0,0,0,0,0,0,0,0,0,0,0,0,0,0,0,0,0,0,0,0,0,0,0,0,0,0,0,0,0,0,0,0,0,0,0,0,0,0,0,0,0,0,0,0,0,0,0,0,0,0,0,0,0,0,0,0,0,0,0,0,0,0,0,0,0,0,0,0,0,0,0,0,0,0,0,0,0,0,0,0,0,0,0,0,0,0,0,0,0,0,0,0,0,0,0,0,0,0,0,0,0,0,0,0,0,0,0,0,0,0,0,0,0,0,0,0,0,0,0,0,0
Vulpia_bromoides,0,1,0,1,1,0,2,6,7,11,9,11,9,0,1,0,1,1,1,0,1,0,1,2,4,0,4,0,6,1,1,0,2,6,7,0,0,0,1,1,0,1,1,0,1,1,0,8,0,0,0,0,1,0,0,0,1,0,0,1,8,2,8,4,8,1,0,1,0,0,8,0,2,8,17,1,3,2,2,5,0,5,0,1,7,0,1,5,0,0,4,0,0,8,0,3,11,2,0,0,4,0,1,0,3,5,2,8,8,8,8,5,8,0,4,1,1,1,2,1,12,0,8,0,0,0,2,2,0,0,0,0,0,0,0,0,0,0,0,0,0,0,0,0,0,0,0,0,0,0,0,0,0,0,0,0,0,0,0,0,0,0,0,0,0,0,2,0,0,0,0,0,0,0,0,0,0,0,0,0,0,0,0,0,0,0,0,0,0,0,0,0,0,0,0,0,0,0,0,0,0,0,0,0,0,0,0,0,0,0,0,0,0,0,0,0,0,0,0,0,0,0,0,0,0,0,0,0,0,0,0,0,0,0,0,0,0,0,0,0,0,0,0,0,3,3,0,0,0,0,0,0,0,0,0,0,0,0,0,0,0,0,0,0,0,0,0,0,0,0,0,0,0,0,0,0,0,0,0,0,0,0,0,0,0,0,0,0,0,0,0,0,0,0,0,0,0,0,0,0,0,0,0,0,0,0,0
Vulpia_myuros,0,2,0,2,2,0,12,6,6,12,3,11,3,1,1,0,1,1,1,0,1,0,1,2,3,0,1,0,4,0,0,0,4,4,4,0,0,0,0,0,0,0,0,0,1,3,0,0,0,0,0,0,1,0,0,0,1,0,0,1,12,4,0,4,0,2,0,2,0,0,0,0,11,2,10,1,3,6,1,0,2,0,0,1,10,0,2,5,0,0,4,0,0,0,0,3,33,2,0,0,8,0,1,0,2,4,5,0,0,0,0,0,0,0,4,1,2,1,3,1,13,0,0,2,0,0,2,4,1,0,5,1,0,1,1,0,1,1,1,1,1,1,1,0,2,0,0,0,0,13,1,1,1,1,9,1,2,1,2,1,1,2,3,1,0,0,2,1,1,1,1,0,1,0,0,0,0,0,0,0,0,0,0,0,0,0,0,0,0,0,0,0,0,0,0,0,0,0,0,0,0,0,0,0,0,0,0,0,0,0,0,0,0,0,0,0,0,0,0,0,0,0,0,0,0,0,0,0,0,0,0,0,0,0,0,0,0,0,0,0,0,0,0,0,0,0,0,0,0,0,0,0,0,0,0,0,0,0,0,0,0,0,0,0,0,0,0,0,0,0,0,0,0,0,0,0,0,0,0,0,0,0,0,0,0,0,0,0,0,0,0,0,0,0,0,0,0,0,0,0,0,0,0,0,0,0,0
Wahlenbergia_albomarginata,0,0,0,0,0,0,0,0,0,0,0,0,0,0,0,0,0,0,0,0,0,0,0,0,0,0,0,0,1,0,0,1,0,0,0,0,0,0,0,0,0,0,0,0,0,0,0,0,0,0,0,0,0,0,0,0,0,0,0,0,0,0,0,0,0,0,0,0,0,0,0,0,1,0,1,0,0,1,0,0,0,0,0,0,0,0,0,0,0,0,0,0,0,0,0,0,0,0,0,0,0,0,0,0,0,0,0,0,0,0,0,0,0,0,0,0,0,0,0,0,1,0,0,0,0,0,0,1,0,0,0,0,0,0,0,0,0,0,0,0,0,0,0,0,0,0,0,0,0,0,0,0,0,0,0,0,0,0,0,0,0,0,0,0,0,0,0,0,0,0,0,0,0,0,0,0,0,0,0,0,0,0,0,0,0,0,0,0,0,0,0,0,0,0,0,0,0,0,0,0,0,0,0,0,0,0,0,0,0,0,0,0,0,0,0,0,0,0,0,0,0,0,0,0,0,0,0,0,0,0,0,0,0,0,0,0,0,0,0,0,0,0,0,0,0,0,0,0,0,0,0,0,0,0,0,0,0,0,0,0,0,0,0,0,0,0,0,0,0,0,0,0,0,0,0,0,0,0,0,0,0,0,0,0,0,0,0,0,0,0,0,0,0,0,0,0,0,0,0,0,0,0,0,0,0,0,0
Wahlenbergia_gracilis,0,0,0,0,0,0,15,0,0,0,0,0,0,0,0,0,0,0,0,0,0,0,0,0,1,1,0,0,1,0,0,1,0,0,0,0,0,0,0,0,0,0,0,0,0,1,0,0,0,0,0,0,0,0,0,0,0,1,0,0,4,1,0,1,0,2,0,0,0,0,0,0,1,0,5,0,1,1,0,0,0,0,1,0,8,0,0,0,0,0,1,0,0,0,0,0,14,0,0,0,0,0,2,0,0,0,0,0,0,0,0,0,0,0,0,0,0,0,0,0,1,0,0,0,0,0,2,1,1,1,1,1,1,1,1,1,0,0,0,0,0,0,0,0,0,0,0,0,0,0,0,0,0,0,0,0,0,0,0,0,0,0,0,0,0,0,0,0,0,0,0,0,0,0,0,0,0,0,0,0,0,0,0,0,0,0,0,0,0,0,0,0,0,0,0,0,0,0,0,0,0,0,0,0,0,0,0,0,0,0,0,0,0,0,0,0,0,0,0,0,0,0,0,0,0,0,0,0,0,0,0,0,0,0,0,0,0,0,0,0,0,0,0,0,0,0,0,0,0,0,0,0,0,0,0,0,0,0,0,0,0,0,0,0,0,0,0,0,0,0,0,0,0,0,0,0,0,0,0,0,0,0,0,0,0,0,0,0,0,0,0,0,0,0,0,0,0,0,0,0,0,0,0,0,0,0,0
