"","SurveyName","SurveyStartYear","SurveyEndYear","PlotName","PlotFK","SpeciesCode","SpeciesName","HeightClassDescription","DominanceClass","DominanceClassDescription","DominanceRank","SpeciesType","domlevels","abun","SpeciesCode.tmp"
"18","Banks Peninsula Botanical Survey",1983,1988,"1",94056,"BRYARG","BRYUM ARGENTEUM","No Height Class","C","Occasional",18,"Non-Vascular",6,1,"BRYARG"
"43","Banks Peninsula Botanical Survey",1983,1988,"2",94920,"LICHEN","LICHEN SPECIES","No Height Class","A","Abundant",19,"Non-Vascular",2,5,"LICHEN"
"44","Banks Peninsula Botanical Survey",1983,1988,"2",94920,"TEPATR","Tephromela atra (Huds.) Hafellner","No Height Class","B","Common",20,"Non-Vascular",4,3,"TEPATR"
"45","Banks Peninsula Botanical Survey",1983,1988,"2",94920,"NEOFUS","Neofuscelia Essl.","No Height Class","B","Common",21,"Non-Vascular",4,3,"NEOFUS"
"46","Banks Peninsula Botanical Survey",1983,1988,"2",94920,"XANTHO","Xanthoparmelia (Vain.) Hale","No Height Class","B","Common",22,"Non-Vascular",4,3,"XANTHO"
"53","Banks Peninsula Botanical Survey",1983,1988,"2",94920,"PARMEL","Parmelia Ach.","No Height Class","C","Occasional",29,"Non-Vascular",6,1,"PARMEL"
"59","Banks Peninsula Botanical Survey",1983,1988,"2",94920,"GRIMMI","Grimmia Hedw.","No Height Class","C","Occasional",35,"Non-Vascular",6,1,"GRIMMI"
"120","Banks Peninsula Botanical Survey",1983,1988,"5",94592,"TORMUR","Tortula muralis Hedw.","No Height Class","C","Occasional",1,"Non-Vascular",6,1,"TORMUR"
"121","Banks Peninsula Botanical Survey",1983,1988,"5",94592,"FUNHYG","Funaria hygrometrica Hedw.","No Height Class","C","Occasional",2,"Non-Vascular",6,1,"FUNHYG"
"122","Banks Peninsula Botanical Survey",1983,1988,"5",94592,"CALOPL","CALOPLACA SPECIES","No Height Class","B-C","Common-Occasional",3,"Non-Vascular",5,2,"CALOPL"
"128","Banks Peninsula Botanical Survey",1983,1988,"5",94592,"ALGA","Alga","No Height Class","C","Occasional",9,"Non-Vascular",6,1,"ALGA"
"129","Banks Peninsula Botanical Survey",1983,1988,"5",94592,"LECIDE","Lecidea Ach.","No Height Class","C","Occasional",10,"Non-Vascular",6,1,"LECIDE"
"197","Banks Peninsula Botanical Survey",1983,1988,"7",94110,"PAPSOM","Papaver somniferum L.","No Height Class","C","Occasional",20,"Vascular",6,1,"PAPSOM"
"213","Banks Peninsula Botanical Survey",1983,1988,"7",94110,"LUPARB","LUPINUS ARBOREUS","No Height Class","C","Occasional",36,"Vascular",6,1,"LUPARB"
"231","Banks Peninsula Botanical Survey",1983,1988,"8",94290,"MOSS","MOSS SPECIES","No Height Class","B-C","Common-Occasional",8,"Non-Vascular",5,2,"MOSS"
"232","Banks Peninsula Botanical Survey",1983,1988,"8",94290,"TRIQUE","Triquetrella Müll.Hal.","No Height Class","B-C","Common-Occasional",9,"Non-Vascular",5,2,"TRIQUE"
"244","Banks Peninsula Botanical Survey",1983,1988,"8",94290,"FUNGI","Fungi","No Height Class","B-C","Common-Occasional",21,"Non-Vascular",5,2,"FUNGI"
"245","Banks Peninsula Botanical Survey",1983,1988,"8",94290,"BRACHT","Brachythecium Bruch & Schimp.","No Height Class","B-C","Common-Occasional",22,"Non-Vascular",5,2,"BRACHT"
"246","Banks Peninsula Botanical Survey",1983,1988,"8",94290,"TORTUL","Tortula Hedw.","No Height Class","B-C","Common-Occasional",23,"Non-Vascular",5,2,"TORTUL"
"248","Banks Peninsula Botanical Survey",1983,1988,"8",94290,"COLLEM","Collema F.H.Wigg.","No Height Class","B-C","Common-Occasional",25,"Non-Vascular",5,2,"COLLEM"
"250","Banks Peninsula Botanical Survey",1983,1988,"8",94290,"HYPCUP","HYPNUM CUPRESSIFORME","No Height Class","B-C","Common-Occasional",27,"Non-Vascular",5,2,"HYPCUP"
"322","Banks Peninsula Botanical Survey",1983,1988,"11",94314,"RHIGEO","RHIZOCARPON GEOGRAPHICUM","No Height Class","B-C","Common-Occasional",12,"Non-Vascular",5,2,"RHIGEO"
"326","Banks Peninsula Botanical Survey",1983,1988,"11",94314,"TELVEL","TELOSCHISTES VELIFER","No Height Class","B-C","Common-Occasional",16,"Non-Vascular",5,2,"TELVEL"
"329","Banks Peninsula Botanical Survey",1983,1988,"11",94314,"PERTUS","Pertusaria DC.","No Height Class","B-C","Common-Occasional",19,"Non-Vascular",5,2,"PERTUS"
"338","Banks Peninsula Botanical Survey",1983,1988,"11",94314,"CAMCLA","CAMPYLOPUS CLAVATUS","No Height Class","C","Occasional",28,"Non-Vascular",6,1,"CAMCLA"
"339","Banks Peninsula Botanical Survey",1983,1988,"11",94314,"CLADON","CLADONIA SPECIES","No Height Class","C","Occasional",29,"Non-Vascular",6,1,"CLADON"
"566","Banks Peninsula Botanical Survey",1983,1988,"21",94410,"ALOPRA","ALOPECURUS PRATENSIS","No Height Class","C","Occasional",13,"Vascular",6,1,"ALOPRA"
"569","Banks Peninsula Botanical Survey",1983,1988,"21",94410,"corsqu","","No Height Class","C","Occasional",16,"Vascular",6,1,"corsqu"
"601","Banks Peninsula Botanical Survey",1983,1988,"22",94847,"BRYUM","BRYUM SPECIES","No Height Class","C","Occasional",30,"Non-Vascular",6,1,"BRYUM"
"623","Banks Peninsula Botanical Survey",1983,1988,"23",94729,"PHYSCI","Physcia (Schreb.) Michx.","No Height Class","B-C","Common-Occasional",16,"Non-Vascular",5,2,"PHYSCI"
"714","Banks Peninsula Botanical Survey",1983,1988,"26",94316,"PSEUDC","PSEUDOCYPHELLARIA SPECIES","No Height Class","C","Occasional",19,"Non-Vascular",6,1,"PSEUDC"
"722","Banks Peninsula Botanical Survey",1983,1988,"26",94316,"DITRIC","DITRICHUM SPECIES","No Height Class","C","Occasional",27,"Non-Vascular",6,1,"DITRIC"
"730","Banks Peninsula Botanical Survey",1983,1988,"27",94323,"RAMALI","RAMALINA SPECIES","No Height Class","C","Occasional",5,"Non-Vascular",6,1,"RAMALI"
"731","Banks Peninsula Botanical Survey",1983,1988,"27",94323,"TELCHR","Teloschistes chrysophthalmus (L.) Th.Fr.","No Height Class","C","Occasional",6,"Non-Vascular",6,1,"TELCHR"
"746","Banks Peninsula Botanical Survey",1983,1988,"27",94323,"WEISSI","Weissia Hedw.","No Height Class","C","Occasional",21,"Non-Vascular",6,1,"WEISSI"
"764","Banks Peninsula Botanical Survey",1983,1988,"28",94042,"BAEOMY","Baeomyces Pers.","No Height Class","B-C","Common-Occasional",15,"Non-Vascular",5,2,"BAEOMY"
"774","Banks Peninsula Botanical Survey",1983,1988,"28",94042,"BRYOPH","Bryophyte","No Height Class","C","Occasional",25,"Non-Vascular",6,1,"BRYOPH"
"793","Banks Peninsula Botanical Survey",1983,1988,"29",94045,"OXALIS","OXALIS SPECIES","No Height Class","C","Occasional",17,"Vascular",6,1,"OXALIS"
"812","Banks Peninsula Botanical Survey",1983,1988,"30",94333,"GRIPUL","Grimmia pulvinata (Hedw.) Sm. & Sowerby","No Height Class","B","Common",17,"Non-Vascular",4,3,"GRIPUL"
"841","Banks Peninsula Botanical Survey",1983,1988,"31",94334,"EHRPOL","Ehrharta polynoda","No Height Class","B","Common",6,"Vascular",4,3,"EHRPOL"
"854","Banks Peninsula Botanical Survey",1983,1988,"31",94334,"METZGE","Metzgeria","No Height Class","B-C","Common-Occasional",19,"Non-Vascular",5,2,"METZGE"
"855","Banks Peninsula Botanical Survey",1983,1988,"31",94334,"RHYTEN","Rhynchostegium tenuifolium (Hedw.) Reichardt","No Height Class","B-C","Common-Occasional",20,"Non-Vascular",5,2,"RHYTEN"
"857","Banks Peninsula Botanical Survey",1983,1988,"31",94334,"PORELE","PORELLA ELEGANTULA","No Height Class","B-C","Common-Occasional",22,"Non-Vascular",5,2,"PORELE"
"858","Banks Peninsula Botanical Survey",1983,1988,"31",94334,"LOPMUR","Lophocolea muricata (Lehm.) Nees","No Height Class","B-C","Common-Occasional",23,"Non-Vascular",5,2,"LOPMUR"
"860","Banks Peninsula Botanical Survey",1983,1988,"31",94334,"FISPUN","Fissidens pungens Müll.Hal. & Hampe","No Height Class","C","Occasional",25,"Non-Vascular",6,1,"FISPUN"
"864","Banks Peninsula Botanical Survey",1983,1988,"31",94334,"CAMPTO","Camptochaete Reichardt","No Height Class","C","Occasional",29,"Non-Vascular",6,1,"CAMPTO"
"865","Banks Peninsula Botanical Survey",1983,1988,"31",94334,"LUNULA","Lunularia","No Height Class","C","Occasional",30,"Non-Vascular",6,1,"LUNULA"
"866","Banks Peninsula Botanical Survey",1983,1988,"31",94334,"RACSTR","RACOMITRIUM STRIATIPILUM","No Height Class","C","Occasional",31,"Non-Vascular",6,1,"RACSTR"
"886","Banks Peninsula Botanical Survey",1983,1988,"32",94721,"APHMIC","Aphanes microcarpa","Canopy","C","Occasional",19,"Vascular",6,1,"APHMIC"
"1097","Banks Peninsula Botanical Survey",1983,1988,"42",94229,"LOPHOC","Lophocolea","No Height Class","C","Occasional",29,"Non-Vascular",6,1,"LOPHOC"
"1107","Banks Peninsula Botanical Survey",1983,1988,"42",94229,"CERATO","Ceratodon Brid.","No Height Class","C","Occasional",39,"Non-Vascular",6,1,"CERATO"
"1109","Banks Peninsula Botanical Survey",1983,1988,"42",94229,"MARCHA","MARCHANTIA SPECIES","No Height Class","C","Occasional",41,"Non-Vascular",6,1,"MARCHA"
"1165","Banks Peninsula Botanical Survey",1983,1988,"45",94043,"CERFST","Cerastium fontanum subsp. triviale","No Height Class","B","Common",10,"Vascular",4,3,"CERFST"
"1173","Banks Peninsula Botanical Survey",1983,1988,"45",94043,"HYDNZM","HYDROCOTYLE NOVAE-ZEELANDIAE VAR. MONTANA","No Height Class","C","Occasional",18,"Vascular",6,1,"HYDNZM"
"1200","Banks Peninsula Botanical Survey",1983,1988,"46",94044,"ANDREA","ANDREAEA SPECIES","No Height Class","B","Common",20,"Non-Vascular",4,3,"ANDREA"
"1203","Banks Peninsula Botanical Survey",1983,1988,"46",94044,"TELOSC","Teloschistes Norman","No Height Class","B","Common",23,"Non-Vascular",4,3,"TELOSC"
"1224","Banks Peninsula Botanical Survey",1983,1988,"46",94044,"LIVERW","LIVERWORT","No Height Class","B","Common",44,"Non-Vascular",4,3,"LIVERW"
"1230","Banks Peninsula Botanical Survey",1983,1988,"46",94044,"CHILOS","CHILOSCYPHUS SPECIES","No Height Class","C","Occasional",50,"Non-Vascular",6,1,"CHILOS"
"1231","Banks Peninsula Botanical Survey",1983,1988,"46",94044,"LEMBOP","Lembophyllum Lindb.","No Height Class","B-C","Common-Occasional",51,"Non-Vascular",5,2,"LEMBOP"
"1233","Banks Peninsula Botanical Survey",1983,1988,"46",94044,"DICRAN","DICRANOLOMA SPECIES","No Height Class","B-C","Common-Occasional",53,"Non-Vascular",5,2,"DICRAN"
"1240","Banks Peninsula Botanical Survey",1983,1988,"47",94046,"TREJOL","Trentepohlia jolithus (L.) Mart.","No Height Class","B","Common",7,"Non-Vascular",4,3,"TREJOL"
"1242","Banks Peninsula Botanical Survey",1983,1988,"47",94046,"MENEGA","MENEGAZZIA SPECIES","No Height Class","A","Abundant",9,"Non-Vascular",2,5,"MENEGA"
"1244","Banks Peninsula Botanical Survey",1983,1988,"47",94046,"PANNOP","Pannoparmelia (Müll.Arg.) Darb.","No Height Class","A","Abundant",11,"Non-Vascular",2,5,"PANNOP"
"1249","Banks Peninsula Botanical Survey",1983,1988,"47",94046,"CLAAGG","CLADONIA AGGREGATA","No Height Class","A","Abundant",16,"Non-Vascular",2,5,"CLAAGG"
"1256","Banks Peninsula Botanical Survey",1983,1988,"47",94046,"USNEA","USNEA SPECIES","No Height Class","B","Common",23,"Non-Vascular",4,3,"USNEA"
"1262","Banks Peninsula Botanical Survey",1983,1988,"47",94046,"LEPIDZ","LEPIDOZIA SPECIES","No Height Class","A-B","Abundant-Common",29,"Non-Vascular",3,4,"LEPIDZ"
"1264","Banks Peninsula Botanical Survey",1983,1988,"47",94046,"FRUATE","Frullania aterrima (Hook.f. & Taylor) Hook.f. & Taylor","No Height Class","C","Occasional",31,"Non-Vascular",6,1,"FRUATE"
"1412","Banks Peninsula Botanical Survey",1983,1988,"51",94087,"CRYPHA","Cryphaea D.Mohr","No Height Class","C","Occasional",22,"Non-Vascular",6,1,"CRYPHA"
"1432","Banks Peninsula Botanical Survey",1983,1988,"52",94084,"MOULD","Mould","No Height Class","B","Common",8,"Non-Vascular",4,3,"MOULD"
"1598","Banks Peninsula Botanical Survey",1983,1988,"58",95001,"EHRSTI","EHRHARTA STIPOIDES","No Height Class","C","Occasional",28,"Vascular",6,1,"EHRSTI"
"1623","Banks Peninsula Botanical Survey",1983,1988,"59",95006,"STOKES","Stokesiella","No Height Class","C","Occasional",22,"Non-Vascular",6,1,"STOKES"
"1685","Banks Peninsula Botanical Survey",1983,1988,"62",94312,"FISSID","Fissidens Hedw.","No Height Class","C","Occasional",14,"Non-Vascular",6,1,"FISSID"
"1750","Banks Peninsula Botanical Survey",1983,1988,"64",94318,"CAMPYP","Campylopus Brid.","No Height Class","C","Occasional",37,"Non-Vascular",6,1,"CAMPYP"
"1782","Banks Peninsula Botanical Survey",1983,1988,"65",94319,"ACRAUR","Acrocladium auriculatum sensu Sainsbury","No Height Class","B-C","Common-Occasional",21,"Non-Vascular",5,2,"ACRAUR"
"1784","Banks Peninsula Botanical Survey",1983,1988,"65",94319,"THUFUR","THUIDIUM FURFUROSUM","No Height Class","B-C","Common-Occasional",23,"Non-Vascular",5,2,"THUFUR"
"1786","Banks Peninsula Botanical Survey",1983,1988,"65",94319,"RANHIR","RANUNCULUS HIRTUS","No Height Class","B-C","Common-Occasional",25,"Vascular",5,2,"RANHIR"
"1793","Banks Peninsula Botanical Survey",1983,1988,"65",94319,"BREUTE","BREUTELIA SPECIES","No Height Class","C","Occasional",32,"Non-Vascular",6,1,"BREUTE"
"1809","Banks Peninsula Botanical Survey",1983,1988,"65",94319,"LEMDIV","LEMBOPHYLLUM DIVULSUM","No Height Class","C","Occasional",48,"Non-Vascular",6,1,"LEMDIV"
"1820","Banks Peninsula Botanical Survey",1983,1988,"66",94320,"HOMFAL","Homalia falcifolia (Hook.f. & Wilson) Hook.f. & Wilson","No Height Class","B","Common",11,"Non-Vascular",4,3,"HOMFAL"
"1844","Banks Peninsula Botanical Survey",1983,1988,"67",94321,"TRIPAP","Triquetrella papillata (Hook.f. & Wilson) Broth.","No Height Class","C","Occasional",8,"Non-Vascular",6,1,"TRIPAP"
"1852","Banks Peninsula Botanical Survey",1983,1988,"67",94321,"RACCRI","RACOMITRIUM CRISPULUM","No Height Class","C","Occasional",16,"Non-Vascular",6,1,"RACCRI"
"1950","Banks Peninsula Botanical Survey",1983,1988,"70",94224,"LOPSEM","Lophocolea semiteres (Lehm.) Mitt.","No Height Class","B-C","Common-Occasional",21,"Non-Vascular",5,2,"LOPSEM"
"2041","Banks Peninsula Botanical Survey",1983,1988,"72",94089,"CERPUR","CERATODON PURPUREUS","No Height Class","C","Occasional",36,"Non-Vascular",6,1,"CERPUR"
"2180","Banks Peninsula Botanical Survey",1983,1988,"76",95004,"SEMATO","Sematophyllum Mitt.","No Height Class","C","Occasional",29,"Non-Vascular",6,1,"SEMATO"
"2210","Banks Peninsula Botanical Survey",1983,1988,"78",94505,"TRENTE","Trentepohlia","No Height Class","C","Occasional",7,"Non-Vascular",6,1,"TRENTE"
"2337","Banks Peninsula Botanical Survey",1983,1988,"82",94029,"WEICON","WEISSIA CONTROVERSA","No Height Class","B-C","Common-Occasional",19,"Non-Vascular",5,2,"WEICON"
"2357","Banks Peninsula Botanical Survey",1983,1988,"83",94028,"POAMVT","Poa matthewsii var. tenuis Petrie","No Height Class","B-C","Common-Occasional",15,"Vascular",5,2,"POAMVT"
"2402","Banks Peninsula Botanical Survey",1983,1988,"84",94317,"THUIDI","THUIDIUM SPECIES","No Height Class","B","Common",30,"Non-Vascular",4,3,"THUIDI"
"2416","Banks Peninsula Botanical Survey",1983,1988,"84",94317,"CLASUB","Cladonia subulata (L.) Weber ex Wigg.","No Height Class","C","Occasional",44,"Non-Vascular",6,1,"CLASUB"
"2507","Banks Peninsula Botanical Survey",1983,1988,"89",94037,"LUNCRU","Lunularia cruciata (L.) Dumort.","No Height Class","A-B","Abundant-Common",3,"Non-Vascular",3,4,"LUNCRU"
"2522","Banks Peninsula Botanical Survey",1983,1988,"90",94038,"NOSPEC","NO SPECIES ON PLOT","No Height Class","N/A","No Dominance Class",NA,"",NA,NA,"NOSPEC"
"2540","Banks Peninsula Botanical Survey",1983,1988,"91",95098,"XANPAR","Xanthoria parietina (L.) Th.Fr.","No Height Class","C","Occasional",18,"Non-Vascular",6,1,"XANPAR"
"2725","Banks Peninsula Botanical Survey",1983,1988,"99",94325,"LOBARI","Lobaria (Schreb.) Hoffm.","No Height Class","C","Occasional",39,"Non-Vascular",6,1,"LOBARI"
"2726","Banks Peninsula Botanical Survey",1983,1988,"99",94325,"PELTIG","PELTIGERA SPECIES","No Height Class","C","Occasional",40,"Non-Vascular",6,1,"PELTIG"
"2747","Banks Peninsula Botanical Survey",1983,1988,"100",94558,"EURPRA","Eurhynchium praelongum (Hedw.) Hook.","No Height Class","B-C","Common-Occasional",16,"Non-Vascular",5,2,"EURPRA"
"2769","Banks Peninsula Botanical Survey",1983,1988,"101",94559,"COPPXR","Coprosma propinqua × robusta","No Height Class","C","Occasional",14,"Vascular",6,1,"COPPXR"
"2879","Banks Peninsula Botanical Survey",1983,1988,"105",95263,"DICRAW","Dicranoweisia Milde","No Height Class","C","Occasional",29,"Non-Vascular",6,1,"DICRAW"
"2903","Banks Peninsula Botanical Survey",1983,1988,"106",95264,"RHIZOC","RHIZOCARPON SPECIES","No Height Class","C","Occasional",19,"Non-Vascular",6,1,"RHIZOC"
"3020","Banks Peninsula Botanical Survey",1983,1988,"111",94033,"RACOMI","RACOMITRIUM SPECIES","No Height Class","C","Occasional",24,"Non-Vascular",6,1,"RACOMI"
"3025","Banks Peninsula Botanical Survey",1983,1988,"111",94033,"SOLBVG","Solenogyne bellioides var. gunnii (Hook.f.) G.L.R.Davis","No Height Class","C","Occasional",29,"Vascular",6,1,"SOLBVG"
"3080","Banks Peninsula Botanical Survey",1983,1988,"114",95279,"GRACLR","Gracilaria","No Height Class","N/A","No Dominance Class",1,"Non-Vascular",NA,NA,"GRACLR"
"3106","Banks Peninsula Botanical Survey",1983,1988,"116",94564,"RINODI","Rinodina (Ach.) Gray","No Height Class","B-C","Common-Occasional",9,"Non-Vascular",5,2,"RINODI"
"3122","Banks Peninsula Botanical Survey",1983,1988,"117",94565,"HORBAN","Hormosira banksii (Turner) Decne.","No Height Class","A-B","Abundant-Common",1,"Non-Vascular",3,4,"HORBAN"
"3123","Banks Peninsula Botanical Survey",1983,1988,"117",94565,"MACPYR","Macrocystis pyrifera (L.) C.Agardh ","No Height Class","C","Occasional",2,"Non-Vascular",6,1,"MACPYR"
"3124","Banks Peninsula Botanical Survey",1983,1988,"117",94565,"PORCOL","Porphyra columbina Mont.","No Height Class","C","Occasional",3,"Non-Vascular",6,1,"PORCOL"
"3135","Banks Peninsula Botanical Survey",1983,1988,"118",94338,"BREAFF","BREUTELIA AFFINIS","No Height Class","B-C","Common-Occasional",11,"Non-Vascular",5,2,"BREAFF"
"3143","Banks Peninsula Botanical Survey",1983,1988,"118",94338,"PHISCA","Philonotis scabrifolia (Hook.f. & Wilson) Braithw.","No Height Class","B-C","Common-Occasional",19,"Non-Vascular",5,2,"PHISCA"
"3183","Banks Peninsula Botanical Survey",1983,1988,"119",94423,"BRYBIL","BRYUM BILLARDIEREI","No Height Class","B-C","Common-Occasional",16,"Non-Vascular",5,2,"BRYBIL"
"3254","Banks Peninsula Botanical Survey",1983,1988,"121",94419,"TELFAS","Teloschistes fasciculatus Hillmann","No Height Class","C","Occasional",24,"Non-Vascular",6,1,"TELFAS"
"3537","Banks Peninsula Botanical Survey",1983,1988,"132",94818,"PSECRO","PSEUDOCYPHELLARIA CROCATA","No Height Class","C","Occasional",26,"Non-Vascular",6,1,"PSECRO"
"3777","Banks Peninsula Botanical Survey",1983,1988,"143",94424,"TARGIO","Targionia","No Height Class","C","Occasional",34,"Non-Vascular",6,1,"TARGIO"
"4025","Banks Peninsula Botanical Survey",1983,1988,"151",95270,"DURWIL","Durvillaea willana Lindauer","No Height Class","B","Common",2,"Non-Vascular",4,3,"DURWIL"
"4026","Banks Peninsula Botanical Survey",1983,1988,"151",95270,"CODADH","Codium adhaerens C.Agardh","No Height Class","C","Occasional",3,"Non-Vascular",6,1,"CODADH"
"4027","Banks Peninsula Botanical Survey",1983,1988,"151",95270,"BOSTRY","Bostrychia","No Height Class","C","Occasional",4,"Non-Vascular",6,1,"BOSTRY"
"4028","Banks Peninsula Botanical Survey",1983,1988,"151",95270,"CORALN","Corallina L.","No Height Class","C","Occasional",5,"Non-Vascular",6,1,"CORALN"
"4030","Banks Peninsula Botanical Survey",1983,1988,"151",95270,"CYSTPH","Cystophora J.Agardh","No Height Class","B","Common",7,"Non-Vascular",4,3,"CYSTPH"
"4031","Banks Peninsula Botanical Survey",1983,1988,"151",95270,"CARPOP","Carpophyllum Grev.","No Height Class","B","Common",8,"Non-Vascular",4,3,"CARPOP"
"4107","Banks Peninsula Botanical Survey",1983,1988,"155",94831,"XANTHR","Xanthoria (Fr.) Th.Fr.","No Height Class","B-C","Common-Occasional",23,"Non-Vascular",5,2,"XANTHR"
"4124","Banks Peninsula Botanical Survey",1983,1988,"155",94831,"PLAGEL","Placopsis gelida (L.) Linds.","No Height Class","C","Occasional",40,"Non-Vascular",6,1,"PLAGEL"
"4173","Banks Peninsula Botanical Survey",1983,1988,"157",94035,"COTDXS","Cotula dioica × squalida","No Height Class","C","Occasional",23,"Vascular",6,1,"COTDXS"
"4216","Banks Peninsula Botanical Survey",1983,1988,"160",95276,"GIGART","Gigartina","No Height Class","N/A","No Dominance Class",3,"Non-Vascular",NA,NA,"GIGART"
"4219","Banks Peninsula Botanical Survey",1983,1988,"161",94826,"XIPHOP","Xiphophora Mont.","No Height Class","C","Occasional",3,"Non-Vascular",6,1,"XIPHOP"
"4391","Banks Peninsula Botanical Survey",1983,1988,"167",94081,"WEYCOC","WEYMOUTHIA COCHLEARIFOLIA","No Height Class","C","Occasional",52,"Non-Vascular",6,1,"WEYCOC"
"4488","Banks Peninsula Botanical Survey",1983,1988,"170",94439,"RADULA","Radula","No Height Class","B","Common",17,"Non-Vascular",4,3,"RADULA"
"4517","Banks Peninsula Botanical Survey",1983,1988,"170",94439,"SCHAPC","Schistidium apocarpum (Hedw.) Bruch & Schimp.","No Height Class","C","Occasional",46,"Non-Vascular",6,1,"SCHAPC"
"4644","Banks Peninsula Botanical Survey",1983,1988,"174",95271,"WIJKIA","Wijkia H.A.Crum","No Height Class","C","Occasional",31,"Non-Vascular",6,1,"WIJKIA"
"4798","Banks Peninsula Botanical Survey",1983,1988,"178",95320,"FRULLA","FRULLANIA SPECIES","No Height Class","C","Occasional",37,"Non-Vascular",6,1,"FRULLA"
"4920","Banks Peninsula Botanical Survey",1983,1988,"184",94263,"WERERY","Weraroa erythrocephala (Tul. & C.Tul.) Singer & A.H.Sm.","No Height Class","C","Occasional",22,"Non-Vascular",6,1,"WERERY"
"5037","Banks Peninsula Botanical Survey",1983,1988,"189",94825,"PORPHY","Porphyra C.Agardh","No Height Class","B","Common",4,"Non-Vascular",4,3,"PORPHY"
"5129","Banks Peninsula Botanical Survey",1983,1988,"194",94340,"POLJUN","POLYTRICHUM JUNIPERINUM","No Height Class","B-C","Common-Occasional",22,"Non-Vascular",5,2,"POLJUN"
"5207","Banks Peninsula Botanical Survey",1983,1988,"197",94040,"PSECAP","Pseudoparmelia caperata","No Height Class","A","Abundant",15,"Non-Vascular",2,5,"PSECAP"
"5240","Banks Peninsula Botanical Survey",1983,1988,"198",94041,"HYMALP","HYMENANTHERA ALPINA","No Height Class","B-C","Common-Occasional",8,"Vascular",5,2,"HYMALP"
"5248","Banks Peninsula Botanical Survey",1983,1988,"198",94041,"PSEUDO","PSEUDOPANAX SPECIES","No Height Class","A-B","Abundant-Common",16,"Non-Vascular",3,4,"PSEUDO"
"5359","Banks Peninsula Botanical Survey",1983,1988,"202",94441,"ENTINT","Enteromorpha intestinalis (L.) Link","No Height Class","C","Occasional",1,"Non-Vascular",6,1,"ENTINT"
"5360","Banks Peninsula Botanical Survey",1983,1988,"202",94441,"ULVA","Ulva","No Height Class","C","Occasional",2,"Non-Vascular",6,1,"ULVA"
"5372","Banks Peninsula Botanical Survey",1983,1988,"203",95104,"STRMIC","STREBLUS MICROPHYLLA","No Height Class","C","Occasional",12,"Vascular",6,1,"STRMIC"
"5401","Banks Peninsula Botanical Survey",1983,1988,"204",95103,"TORBEA","Tortula bealeyensis R.Br.bis","No Height Class","A-B","Abundant-Common",7,"Non-Vascular",3,4,"TORBEA"
"5402","Banks Peninsula Botanical Survey",1983,1988,"204",95103,"EURHYN","Eurhynchium Bruch & Schimp.","No Height Class","A-B","Abundant-Common",8,"Non-Vascular",3,4,"EURHYN"
"5421","Banks Peninsula Botanical Survey",1983,1988,"204",95103,"LEPSMI","LEPTODON SMITHII","No Height Class","C","Occasional",27,"Non-Vascular",6,1,"LEPSMI"
"5507","Banks Peninsula Botanical Survey",1983,1988,"206",95267,"STOPRA","Stokesiella praelonga (Hedw.) H.Rob.","No Height Class","C","Occasional",30,"Non-Vascular",6,1,"STOPRA"
"5624","Banks Peninsula Botanical Survey",1983,1988,"213",95379,"DURANT","Durvillaea antarctica","No Height Class","B","Common",1,"Non-Vascular",4,3,"DURANT"
"5862","Banks Peninsula Botanical Survey",1983,1988,"225",94198,"BETVUL","Beta vulgaris L.","No Height Class","B","Common",6,"Vascular",4,3,"BETVUL"
"5902","Banks Peninsula Botanical Survey",1983,1988,"227",94853,"POHLIA","POHLIA SPECIES","No Height Class","B-C","Common-Occasional",12,"Non-Vascular",5,2,"POHLIA"
"6018","Banks Peninsula Botanical Survey",1983,1988,"230",94065,"ANTHOC","Anthoceros","No Height Class","C","Occasional",18,"Non-Vascular",6,1,"ANTHOC"
"6166","Banks Peninsula Botanical Survey",1983,1988,"233",94302,"HYPOGY","Hypogymnia (Nyl.) Nyl.","No Height Class","B","Common",50,"Non-Vascular",4,3,"HYPOGY"
"6189","Banks Peninsula Botanical Survey",1983,1988,"234",94301,"PTEDEN","Pterygophyllum dentatum (Hook.f. & Wilson) Mitt.","No Height Class","B-C","Common-Occasional",22,"Non-Vascular",5,2,"PTEDEN"
"6251","Banks Peninsula Botanical Survey",1983,1988,"236",94297,"PTYCHO","PTYCHOMNION SPECIES","No Height Class","B-C","Common-Occasional",24,"Non-Vascular",5,2,"PTYCHO"
"6252","Banks Peninsula Botanical Survey",1983,1988,"236",94297,"BOLETU","Boletus L.","No Height Class","B-C","Common-Occasional",25,"Non-Vascular",5,2,"BOLETU"
"6343","Banks Peninsula Botanical Survey",1983,1988,"239",95102,"PAPNIT","Papillaria nitens (Hook.f. & Wilson) Sainsbury","No Height Class","B-C","Common-Occasional",13,"Non-Vascular",5,2,"PAPNIT"
"6346","Banks Peninsula Botanical Survey",1983,1988,"239",95102,"HEDCIL","HEDWIGIA CILIATA","No Height Class","C","Occasional",16,"Non-Vascular",6,1,"HEDCIL"
"6350","Banks Peninsula Botanical Survey",1983,1988,"239",95102,"RINTHI","Rinodina thiomela (Nyl.) Müll.Arg.","No Height Class","B","Common",20,"Non-Vascular",4,3,"RINTHI"
"6352","Banks Peninsula Botanical Survey",1983,1988,"239",95102,"NECLAE","Neckera laevigata Hook.f. & Wilson","No Height Class","B","Common",22,"Non-Vascular",4,3,"NECLAE"
"6353","Banks Peninsula Botanical Survey",1983,1988,"239",95102,"CALMNI","Calyptopogon mnioides (Schwägr.) Broth.","No Height Class","C","Occasional",23,"Non-Vascular",6,1,"CALMNI"
"6393","Banks Peninsula Botanical Survey",1983,1988,"240",95305,"CAMINT","Campylopus introflexus (Hedw.) Brid.","No Height Class","C","Occasional",16,"Non-Vascular",6,1,"CAMINT"
"6663","Banks Peninsula Botanical Survey",1983,1988,"252",94051,"SCIANT","SCIRPUS ANTARTICUS","No Height Class","C","Occasional",31,"Vascular",6,1,"SCIANT"
"6976","Banks Peninsula Botanical Survey",1983,1988,"265",94346,"RHYNCH","Rhynchostegium Bruch & Schimp.","No Height Class","C","Occasional",18,"Non-Vascular",6,1,"RHYNCH"
"7101","Banks Peninsula Botanical Survey",1983,1988,"269",94077,"STEREO","STEREOCAULON SPECIES","No Height Class","C","Occasional",24,"Non-Vascular",6,1,"STEREO"
"7210","Banks Peninsula Botanical Survey",1983,1988,"273",94298,"SALQUI","Salicornia quinqueflora Bunge ex Ung.-Sternb.","No Height Class","C","Occasional",2,"Vascular",6,1,"SALQUI"
"7318","Banks Peninsula Botanical Survey",1983,1988,"277",95297,"ECHHIS","ECHINODIUM HISPIDUM","No Height Class","C","Occasional",13,"Non-Vascular",6,1,"ECHHIS"
"7328","Banks Peninsula Botanical Survey",1983,1988,"277",95297,"ASTERE","Asterella","No Height Class","B-C","Common-Occasional",23,"Non-Vascular",5,2,"ASTERE"
"7335","Banks Peninsula Botanical Survey",1983,1988,"277",95297,"NECPEN","NECKERA PENNATA","No Height Class","C","Occasional",30,"Non-Vascular",6,1,"NECPEN"
"7377","Banks Peninsula Botanical Survey",1983,1988,"278",95298,"PSEDEL","Pseudocyphellaria delisea","No Height Class","C","Occasional",41,"Non-Vascular",6,1,"PSEDEL"
"7527","Banks Peninsula Botanical Survey",1983,1988,"285",94522,"UREFUC","Uredo fuchsiae Henn.","No Height Class","B","Common",2,"Non-Vascular",4,3,"UREFUC"
"7534","Banks Peninsula Botanical Survey",1983,1988,"285",94522,"LECBLA","Lecanora blanda Nyl.","No Height Class","B","Common",9,"Non-Vascular",4,3,"LECBLA"
"7862","Banks Peninsula Botanical Survey",1983,1988,"296",94371,"PLACOP","Placopsis (Nyl.) Linds.","No Height Class","B-C","Common-Occasional",26,"Non-Vascular",5,2,"PLACOP"
"8003","Banks Peninsula Botanical Survey",1983,1988,"302",94864,"HYPNUM","HYPNUM SPECIES","No Height Class","C","Occasional",30,"Non-Vascular",6,1,"HYPNUM"
"8232","Banks Peninsula Botanical Survey",1983,1988,"309",94078,"PTYACI","PTYCHOMNION ACICULARE","No Height Class","B-C","Common-Occasional",24,"Non-Vascular",5,2,"PTYACI"
"8286","Banks Peninsula Botanical Survey",1983,1988,"312",94429,"ULOTHR","Ulothrix","No Height Class","A-D","Abundant-Dominant",1,"Non-Vascular",1,6,"ULOTHR"
"8297","Banks Peninsula Botanical Survey",1983,1988,"312",94429,"BRYBLA","BRYUM BLANDUM","No Height Class","C","Occasional",12,"Non-Vascular",6,1,"BRYBLA"
"8337","Banks Peninsula Botanical Survey",1983,1988,"314",95111,"DIPLOS","Diploschistes Norman","No Height Class","C","Occasional",23,"Non-Vascular",6,1,"DIPLOS"
"8351","Banks Peninsula Botanical Survey",1983,1988,"314",95111,"BRARUT","BRACHYTHECIUM RUTABULUM","No Height Class","C","Occasional",37,"Non-Vascular",6,1,"BRARUT"
"8417","Banks Peninsula Botanical Survey",1983,1988,"317",95296,"TORROB","Tortula robusta Hook. & Grev.","No Height Class","B","Common",9,"Non-Vascular",4,3,"TORROB"
"8474","Banks Peninsula Botanical Survey",1983,1988,"319",95301,"RUBSXS","Rubus schmidelioides × squarrosus","No Height Class","B","Common",5,"Vascular",4,3,"RUBSXS"
"8685","Banks Peninsula Botanical Survey",1983,1988,"326",94525,"WIJEXT","Wijkia extenuata (Brid.) H.A.Crum","No Height Class","B-C","Common-Occasional",24,"Non-Vascular",5,2,"WIJEXT"
"8686","Banks Peninsula Botanical Survey",1983,1988,"326",94525,"LEPTOG","Leptogium (Ach.) Gray","No Height Class","C","Occasional",25,"Non-Vascular",6,1,"LEPTOG"
"8784","Banks Peninsula Botanical Survey",1983,1988,"329",95232,"SIPHUL","Siphula Fr.","No Height Class","C","Occasional",18,"Non-Vascular",6,1,"SIPHUL"
"8952","Banks Peninsula Botanical Survey",1983,1988,"337",94373,"HOMPUL","Homalia pulchella Wilson","No Height Class","C","Occasional",17,"Non-Vascular",6,1,"HOMPUL"
"8964","Banks Peninsula Botanical Survey",1983,1988,"337",94373,"RHIZOG","Rhizogonium Brid.","No Height Class","C","Occasional",29,"Non-Vascular",6,1,"RHIZOG"
"8987","Banks Peninsula Botanical Survey",1983,1988,"338",94375,"BARTRA","BARTRAMIA SPECIES","No Height Class","B","Common",20,"Non-Vascular",4,3,"BARTRA"
"8988","Banks Peninsula Botanical Survey",1983,1988,"338",94375,"ACROCL","ACROCLADIUM SPECIES","No Height Class","B","Common",21,"Non-Vascular",4,3,"ACROCL"
"9193","Banks Peninsula Botanical Survey",1983,1988,"344",94875,"FABAUS","Fabronia australis Hook.","No Height Class","C","Occasional",44,"Non-Vascular",6,1,"FABAUS"
"9278","Banks Peninsula Botanical Survey",1983,1988,"348",94344,"RANBPM","Ranunculus tagname B.P. multiscapus","No Height Class","B","Common",8,"Vascular",4,3,"RANBPM"
"9305","Banks Peninsula Botanical Survey",1983,1988,"348",94344,"POLYTR","POLYTRICHUM SPECIES","No Height Class","C","Occasional",35,"Non-Vascular",6,1,"POLYTR"
"9326","Banks Peninsula Botanical Survey",1983,1988,"349",94074,"MACROM","MACROMITRIUM SPECIES","No Height Class","B-C","Common-Occasional",21,"Non-Vascular",5,2,"MACROM"
"9329","Banks Peninsula Botanical Survey",1983,1988,"349",94074,"CLADIA","CLADIA SPECIES","No Height Class","B-C","Common-Occasional",24,"Non-Vascular",5,2,"CLADIA"
"9340","Banks Peninsula Botanical Survey",1983,1988,"349",94074,"ENTPER","Entoloma perzonatum E.Horak","No Height Class","C","Occasional",35,"Non-Vascular",6,1,"ENTPER"
"9581","Banks Peninsula Botanical Survey",1983,1988,"357",95114,"ACHDEN","Achrophyllum dentatum (Hook.f. & Wilson) Vitt & Crosby","No Height Class","C","Occasional",39,"Non-Vascular",6,1,"ACHDEN"
"9582","Banks Peninsula Botanical Survey",1983,1988,"357",95114,"PHITEN","PHILONOTIS TENUIS","No Height Class","C","Occasional",40,"Non-Vascular",6,1,"PHITEN"
"9585","Banks Peninsula Botanical Survey",1983,1988,"357",95114,"PLAROS","Plagiomnium rostratum","No Height Class","C","Occasional",43,"Non-Vascular",6,1,"PLAROS"
"9885","Banks Peninsula Botanical Survey",1983,1988,"368",95352,"SCHISD","Schistidium Brid.","No Height Class","C","Occasional",21,"Non-Vascular",6,1,"SCHISD"
"9886","Banks Peninsula Botanical Survey",1983,1988,"368",95352,"BASIDI","Basidiomycetes","No Height Class","C","Occasional",22,"Non-Vascular",6,1,"BASIDI"
"10194","Banks Peninsula Botanical Survey",1983,1988,"380",94367,"ORTHOT","Orthotrichum Hedw.","No Height Class","B","Common",14,"Non-Vascular",4,3,"ORTHOT"
"10195","Banks Peninsula Botanical Survey",1983,1988,"380",94367,"NECKER","Neckera Hedw.","No Height Class","B","Common",15,"Non-Vascular",4,3,"NECKER"
"10340","Banks Peninsula Botanical Survey",1983,1988,"385",94859,"PHYPYR","Physcomitrium pyriforme (Hedw.) Hampe","No Height Class","B","Common",10,"Non-Vascular",4,3,"PHYPYR"
"10341","Banks Peninsula Botanical Survey",1983,1988,"385",94859,"PHALAE","Phaeoceros laevis (L.) Prosk.","No Height Class","C","Occasional",11,"Non-Vascular",6,1,"PHALAE"
"10505","Banks Peninsula Botanical Survey",1983,1988,"390",94100,"NOSTOC","Nostoc","No Height Class","C","Occasional",40,"Non-Vascular",6,1,"NOSTOC"
"10513","Banks Peninsula Botanical Survey",1983,1988,"390",94100,"WAHMAR","WAHLENBERGIA MARGINATA","No Height Class","C","Occasional",48,"Vascular",6,1,"WAHMAR"
"10801","Banks Peninsula Botanical Survey",1983,1988,"401",95112,"TORPRI","Tortula princeps De Not.","No Height Class","C","Occasional",21,"Non-Vascular",6,1,"TORPRI"
"10970","Banks Peninsula Botanical Survey",1983,1988,"408",94531,"RHIMNI","Rhizogonium mnioides auct., including Sainsbury, 1955","No Height Class","B-C","Common-Occasional",17,"Non-Vascular",5,2,"RHIMNI"
"10990","Banks Peninsula Botanical Survey",1983,1988,"408",94531,"ASPGXH","Asplenium gracillimum × hookerianum","No Height Class","C","Occasional",37,"Vascular",6,1,"ASPGXH"
"11095","Banks Peninsula Botanical Survey",1983,1988,"414",95225,"HEPATI","Hepaticae","No Height Class","C","Occasional",16,"Non-Vascular",6,1,"HEPATI"
"11160","Banks Peninsula Botanical Survey",1983,1988,"416",95227,"PORELL","Porella","No Height Class","C","Occasional",38,"Non-Vascular",6,1,"PORELL"
"11682","Banks Peninsula Botanical Survey",1983,1988,"436",94362,"PLAGIC","PLAGIOCHILA SPECIES","No Height Class","B-C","Common-Occasional",20,"Non-Vascular",5,2,"PLAGIC"
"11683","Banks Peninsula Botanical Survey",1983,1988,"436",94362,"CATPOL","Catagonium politum (Hook.f. & Wilson) Dusén","No Height Class","B-C","Common-Occasional",21,"Non-Vascular",5,2,"CATPOL"
"11684","Banks Peninsula Botanical Survey",1983,1988,"436",94362,"PSEBIL","Pseudocyphellaria billardieri sensu D.J.Galloway & P.James","No Height Class","B-C","Common-Occasional",22,"Non-Vascular",5,2,"PSEBIL"
"11686","Banks Peninsula Botanical Survey",1983,1988,"436",94362,"DICMEN","DICRANUM MENZIESII","No Height Class","B-C","Common-Occasional",24,"Non-Vascular",5,2,"DICMEN"
"11690","Banks Peninsula Botanical Survey",1983,1988,"436",94362,"SPHAER","Sphaerophorus Pers.","No Height Class","C","Occasional",28,"Non-Vascular",6,1,"SPHAER"
"11699","Banks Peninsula Botanical Survey",1983,1988,"436",94362,"STILAT","Sticta latifrons A.Rich.","No Height Class","C","Occasional",37,"Non-Vascular",6,1,"STILAT"
"11702","Banks Peninsula Botanical Survey",1983,1988,"436",94362,"WEYMOL","WEYMOUTHIA MOLLIS","No Height Class","B-C","Common-Occasional",40,"Non-Vascular",5,2,"WEYMOL"
"11704","Banks Peninsula Botanical Survey",1983,1988,"436",94362,"NIDCAN","Nidula candida (Peck) V.S.White","No Height Class","C","Occasional",42,"Non-Vascular",6,1,"NIDCAN"
"11743","Banks Peninsula Botanical Survey",1983,1988,"437",94070,"DICGOL","Dicranoloma tagname golden","No Height Class","C","Occasional",34,"Non-Vascular",6,1,"DICGOL"
"11752","Banks Peninsula Botanical Survey",1983,1988,"437",94070,"SYMPHY","Symphyogyna","No Height Class","C","Occasional",43,"Non-Vascular",6,1,"SYMPHY"
"11754","Banks Peninsula Botanical Survey",1983,1988,"437",94070,"POLYTC","Polytrichaceae","No Height Class","B","Common",45,"Non-Vascular",4,3,"POLYTC"
"11758","Banks Peninsula Botanical Survey",1983,1988,"437",94070,"CLADEG","Cladonia degenerarum","No Height Class","C","Occasional",49,"Non-Vascular",6,1,"CLADEG"
"11764","Banks Peninsula Botanical Survey",1983,1988,"437",94070,"ATRLIG","Atrichum ligulatum (Mitt.) Mitt.","No Height Class","C","Occasional",55,"Non-Vascular",6,1,"ATRLIG"
"11779","Banks Peninsula Botanical Survey",1983,1988,"438",94805,"COPPRR","Coprosma (propinqua × robusta) × robusta","No Height Class","C","Occasional",15,"Vascular",6,1,"COPPRR"
"11841","Banks Peninsula Botanical Survey",1983,1988,"440",94816,"SCLERO","Scleroderma","No Height Class","C","Occasional",17,"Non-Vascular",6,1,"SCLERO"
"11860","Banks Peninsula Botanical Survey",1983,1988,"440",94816,"BRYTRU","Bryum truncorum sensu Sainsbury","No Height Class","C","Occasional",36,"Non-Vascular",6,1,"BRYTRU"
"11864","Banks Peninsula Botanical Survey",1983,1988,"440",94816,"CANDEL","Candelariella Müll.Arg.","No Height Class","C","Occasional",40,"Non-Vascular",6,1,"CANDEL"
"11877","Banks Peninsula Botanical Survey",1983,1988,"440",94816,"HYGROP","Hygrophorus","No Height Class","C","Occasional",53,"Non-Vascular",6,1,"HYGROP"
"11879","Banks Peninsula Botanical Survey",1983,1988,"440",94816,"PTERYG","Pterygophyllum Brid.","No Height Class","C","Occasional",55,"Non-Vascular",6,1,"PTERYG"
"11977","Banks Peninsula Botanical Survey",1983,1988,"443",94434,"HAEMAM","Haematomma A.Massal.","No Height Class","B","Common",27,"Non-Vascular",4,3,"HAEMAM"
"12088","Banks Peninsula Botanical Survey",1983,1988,"445",95380,"FRUFAL","Frullania falciloba Lehm.","No Height Class","C","Occasional",57,"Non-Vascular",6,1,"FRUFAL"
"12168","Banks Peninsula Botanical Survey",1983,1988,"449",94778,"XANSCA","Xanthoparmelia scabrosa (Taylor) Hale","No Height Class","B-C","Common-Occasional",1,"Non-Vascular",5,2,"XANSCA"
"12169","Banks Peninsula Botanical Survey",1983,1988,"449",94778,"XANLIG","Xanthoria ligulata (Körb.) P.James","No Height Class","C","Occasional",2,"Non-Vascular",6,1,"XANLIG"
"12281","Banks Peninsula Botanical Survey",1983,1988,"453",94770,"DREPAN","DREPANOCLADUS SPECIES","No Height Class","C","Occasional",33,"Non-Vascular",6,1,"DREPAN"
"12282","Banks Peninsula Botanical Survey",1983,1988,"453",94770,"CAMGRA","Camptochaete gracilis (Hook.f. & Wilson) Paris","No Height Class","C","Occasional",34,"Non-Vascular",6,1,"CAMGRA"
"12529","Banks Peninsula Botanical Survey",1983,1988,"462",94935,"CALELE","Caloplaca elegans","No Height Class","C","Occasional",15,"Non-Vascular",6,1,"CALELE"
"12530","Banks Peninsula Botanical Survey",1983,1988,"462",94935,"XANELE","Xanthoria elegans (Link) Th.Fr.","No Height Class","C","Occasional",16,"Non-Vascular",6,1,"XANELE"
"12701","Banks Peninsula Botanical Survey",1983,1988,"469",94664,"COPRIN","Coprinus Pers.","No Height Class","C","Occasional",21,"Non-Vascular",6,1,"COPRIN"
"12895","Banks Peninsula Botanical Survey",1983,1988,"476",94030,"MEGPEL","Megaceros pellucidus (Colenso) E.A.Hodgs.","No Height Class","B-C","Common-Occasional",20,"Non-Vascular",5,2,"MEGPEL"
"12897","Banks Peninsula Botanical Survey",1983,1988,"476",94030,"BARPAP","BARTRAMIA PAPILLATA","No Height Class","B-C","Common-Occasional",22,"Non-Vascular",5,2,"BARPAP"
"12906","Banks Peninsula Botanical Survey",1983,1988,"476",94030,"FOSSOM","Fossombronia","No Height Class","C","Occasional",31,"Non-Vascular",6,1,"FOSSOM"
"13037","Banks Peninsula Botanical Survey",1983,1988,"480",94096,"PSOROM","PSOROMA SPECIES","No Height Class","B","Common",14,"Non-Vascular",4,3,"PSOROM"
"13054","Banks Peninsula Botanical Survey",1983,1988,"480",94096,"COTDXP","Cotula dioica × perpusilla","No Height Class","C","Occasional",31,"Vascular",6,1,"COTDXP"
"13060","Banks Peninsula Botanical Survey",1983,1988,"480",94096,"CAMPYL","CAMPYLIUM SPECIES","No Height Class","C","Occasional",37,"Non-Vascular",6,1,"CAMPYL"
"13099","Banks Peninsula Botanical Survey",1983,1988,"481",94361,"EHRDIP","EHRHARTA DIPLAX","No Height Class","B","Common",9,"Vascular",4,3,"EHRDIP"
"13319","Banks Peninsula Botanical Survey",1983,1988,"488",94275,"HYMENA","HYMENANTHERA SPECIES","No Height Class","C","Occasional",30,"Vascular",6,1,"HYMENA"
"13704","Banks Peninsula Botanical Survey",1983,1988,"500",95358,"RACOPI","Racopilum P.Beauv.","No Height Class","B","Common",13,"Non-Vascular",4,3,"RACOPI"
"13707","Banks Peninsula Botanical Survey",1983,1988,"500",95358,"CYABUL","CYATHOPHORUM BULBOSUM","No Height Class","C","Occasional",16,"Non-Vascular",6,1,"CYABUL"
"13708","Banks Peninsula Botanical Survey",1983,1988,"500",95358,"THULAE","THUIDIUM LAEVIUSCULUM","No Height Class","B-C","Common-Occasional",17,"Non-Vascular",5,2,"THULAE"
"13831","Banks Peninsula Botanical Survey",1983,1988,"504",94944,"PUCOBT","Puccinia obtegens","No Height Class","C","Occasional",23,"Non-Vascular",6,1,"PUCOBT"
"14161","Banks Peninsula Botanical Survey",1983,1988,"518",94675,"LOLMXP","Lolium multiflorum × perenne","No Height Class","C","Occasional",19,"Vascular",6,1,"LOLMXP"
"14354","Banks Peninsula Botanical Survey",1983,1988,"523",94092,"MNIROS","Mnium rostratum sensu Allison & Child","No Height Class","C","Occasional",59,"Non-Vascular",6,1,"MNIROS"
"14802","Banks Peninsula Botanical Survey",1983,1988,"536",94273,"MYCENA","Mycena  (Pers.) Roussel","No Height Class","C","Occasional",33,"Non-Vascular",6,1,"MYCENA"
"14806","Banks Peninsula Botanical Survey",1983,1988,"536",94273,"ULOTA","Ulota F.Weber","No Height Class","C","Occasional",37,"Non-Vascular",6,1,"ULOTA"
"14957","Banks Peninsula Botanical Survey",1983,1988,"541",94787,"CRAREL","Cratoneuropsis relaxa (Hook.f. & Wilson) Broth.","No Height Class","C","Occasional",31,"Non-Vascular",6,1,"CRAREL"
"14987","Banks Peninsula Botanical Survey",1983,1988,"542",94785,"PSOHIR","Psoroma hirsutulum Nyl. ex Cromb.","No Height Class","C","Occasional",29,"Non-Vascular",6,1,"PSOHIR"
"15059","Banks Peninsula Botanical Survey",1983,1988,"545",95090,"SPHTEN","Sphaerophorus tener Laurer","No Height Class","C","Occasional",37,"Non-Vascular",6,1,"SPHTEN"
"15188","Banks Peninsula Botanical Survey",1983,1988,"549",94940,"LOPBID","Lophocolea bidentata (Linn.) Nees","No Height Class","C","Occasional",41,"Non-Vascular",6,1,"LOPBID"
"15274","Banks Peninsula Botanical Survey",1983,1988,"551",95342,"PAPILL","Papillaria (Müll.Hal.) Müll.Hal.","No Height Class","C","Occasional",31,"Non-Vascular",6,1,"PAPILL"
"15303","Banks Peninsula Botanical Survey",1983,1988,"551",95342,"JAMESO","JAMESONIELLA SPECIES","No Height Class","C","Occasional",60,"Non-Vascular",6,1,"JAMESO"
"15815","Banks Peninsula Botanical Survey",1983,1988,"570",94108,"GANAUS","Ganoderma australe  (Fr.) Pat.","No Height Class","B-C","Common-Occasional",24,"Non-Vascular",5,2,"GANAUS"
"15908","Banks Peninsula Botanical Survey",1983,1988,"572",94354,"PRUNUS","PRUNUS SPECIES","No Height Class","C","Occasional",18,"Vascular",6,1,"PRUNUS"
"16026","Banks Peninsula Botanical Survey",1983,1988,"576",94615,"PSILOP","Psilopilum Brid.","No Height Class","C","Occasional",32,"Non-Vascular",6,1,"PSILOP"
"16308","Banks Peninsula Botanical Survey",1983,1988,"583",94278,"LEPIDL","Lepidolaena","No Height Class","B-C","Common-Occasional",34,"Non-Vascular",5,2,"LEPIDL"
"16324","Banks Peninsula Botanical Survey",1983,1988,"583",94278,"LOPCON","Lopidium concinnum (Hook.) Hook.f. & Wilson","No Height Class","C","Occasional",50,"Non-Vascular",6,1,"LOPCON"
"16562","Banks Peninsula Botanical Survey",1983,1988,"591",95091,"ACRQUA","Acrophyllum quadrifarium","No Height Class","C","Occasional",23,"Non-Vascular",6,1,"ACRQUA"
"16665","Banks Peninsula Botanical Survey",1983,1988,"594",95335,"LOPIDI","Lopidium Hook.f. & Wilson","No Height Class","C","Occasional",18,"Non-Vascular",6,1,"LOPIDI"
"17383","Banks Peninsula Botanical Survey",1983,1988,"618",94357,"RICCAR","RICCARDIA SPECIES","No Height Class","B-C","Common-Occasional",29,"Non-Vascular",5,2,"RICCAR"
"17398","Banks Peninsula Botanical Survey",1983,1988,"618",94357,"PHILON","PHILONOTIS SPECIES","No Height Class","B-C","Common-Occasional",44,"Non-Vascular",5,2,"PHILON"
"17478","Banks Peninsula Botanical Survey",1983,1988,"620",94614,"FISRIG","FISSIDENS RIGIDULUS","No Height Class","C","Occasional",21,"Non-Vascular",6,1,"FISRIG"
"17529","Banks Peninsula Botanical Survey",1983,1988,"621",94612,"BREPEN","BREUTELIA PENDULA","No Height Class","C","Occasional",22,"Non-Vascular",6,1,"BREPEN"
"17595","Banks Peninsula Botanical Survey",1983,1988,"623",94608,"ENCVUL","ENCALYPTA VULGARIS","No Height Class","C","Occasional",32,"Non-Vascular",6,1,"ENCVUL"
"17608","Banks Peninsula Botanical Survey",1983,1988,"624",94282,"MESCEL","MESOTUS CELATUS","No Height Class","B","Common",8,"Non-Vascular",4,3,"MESCEL"
"17921","Banks Peninsula Botanical Survey",1983,1988,"634",95088,"ACROPH","Acrophyllum","No Height Class","C","Occasional",58,"Non-Vascular",6,1,"ACROPH"
"17932","Banks Peninsula Botanical Survey",1983,1988,"634",95088,"NEPRUF","Nephroma rufum (C.Bab.) P.James","No Height Class","C","Occasional",69,"Non-Vascular",6,1,"NEPRUF"
"18098","Banks Peninsula Botanical Survey",1983,1988,"641",95345,"MENSPI","Mentha spicata L.","No Height Class","B","Common",4,"Vascular",4,3,"MENSPI"
"18115","Banks Peninsula Botanical Survey",1983,1988,"641",95345,"CRYPTO","Cryptochila","No Height Class","C","Occasional",21,"Non-Vascular",6,1,"CRYPTO"
"18666","Banks Peninsula Botanical Survey",1983,1988,"661",95139,"LEPTOD","Leptodon D.Mohr","No Height Class","C","Occasional",47,"Non-Vascular",6,1,"LEPTOD"
"18731","Banks Peninsula Botanical Survey",1983,1988,"663",95021,"LEPTOT","Leptostomum R.Br.","No Height Class","C","Occasional",27,"Non-Vascular",6,1,"LEPTOT"
"18782","Banks Peninsula Botanical Survey",1983,1988,"664",95013,"PALLAV","PALLAVICINIA SPECIES","No Height Class","C","Occasional",31,"Non-Vascular",6,1,"PALLAV"
"18800","Banks Peninsula Botanical Survey",1983,1988,"665",94620,"PHIPYR","PHILONOTIS PYRIFORMIS","No Height Class","A","Abundant",6,"Non-Vascular",2,5,"PHIPYR"
"18801","Banks Peninsula Botanical Survey",1983,1988,"665",94620,"MARBER","MARCHANTIA BERTEROANA","No Height Class","A","Abundant",7,"Non-Vascular",2,5,"MARBER"
"19346","Banks Peninsula Botanical Survey",1983,1988,"683",95333,"SCHIST","Schistochila","No Height Class","C","Occasional",30,"Non-Vascular",6,1,"SCHIST"
"19527","Banks Peninsula Botanical Survey",1983,1988,"690",94498,"EPILRL","Epilobium tagname als. little round leaf","No Height Class","C","Occasional",22,"Vascular",6,1,"EPILRL"
"21723","Banks Peninsula Botanical Survey",1983,1988,"773",94802,"JUNGER","Jungermannia","No Height Class","C","Occasional",21,"Non-Vascular",6,1,"JUNGER"
"21762","Banks Peninsula Botanical Survey",1983,1988,"774",94794,"STIFIL","Sticta filix (Sw.) Nyl.","No Height Class","C","Occasional",16,"Non-Vascular",6,1,"STIFIL"
"21785","Banks Peninsula Botanical Survey",1983,1988,"774",94794,"MACROS","Macrospora","No Height Class","B-C","Common-Occasional",39,"Non-Vascular",5,2,"MACROS"
"21822","Banks Peninsula Botanical Survey",1983,1988,"775",94792,"HELAXB","Helichrysum aggregatum × bellidioides","No Height Class","C","Occasional",37,"Vascular",6,1,"HELAXB"
"21870","Banks Peninsula Botanical Survey",1983,1988,"776",94793,"PAUPIL","Paurocotylis pila","No Height Class","C","Occasional",33,"Non-Vascular",6,1,"PAUPIL"
"21910","Banks Peninsula Botanical Survey",1983,1988,"777",94496,"NEPHRO","Nephroma Ach.","No Height Class","C","Occasional",23,"Non-Vascular",6,1,"NEPHRO"
"21955","Banks Peninsula Botanical Survey",1983,1988,"778",94254,"MONFOR","MONOCLEA FORSTERI","No Height Class","B-C","Common-Occasional",28,"Non-Vascular",5,2,"MONFOR"
"22704","Banks Peninsula Botanical Survey",1983,1988,"806",94473,"CORIOL","Coriolus Quél.","No Height Class","C","Occasional",12,"Non-Vascular",6,1,"CORIOL"
"23925","Banks Peninsula Botanical Survey",1983,1988,"856",94795,"COCCOC","Coccocarpia Pers.","No Height Class","C","Occasional",23,"Non-Vascular",6,1,"COCCOC"
"23992","Banks Peninsula Botanical Survey",1983,1988,"859",94791,"ASERUB","Aseroe rubra","No Height Class","C","Occasional",7,"Non-Vascular",6,1,"ASERUB"
"24532","Banks Peninsula Botanical Survey",1983,1988,"876",94697,"PSEUDP","Pseudoparmelia Lynge","No Height Class","C","Occasional",36,"Non-Vascular",6,1,"PSEUDP"
"24728","Banks Peninsula Botanical Survey",1983,1988,"883",94170,"THAPAN","THAMNOBRYUM PANDUM","No Height Class","C","Occasional",25,"Non-Vascular",6,1,"THAPAN"
"24736","Banks Peninsula Botanical Survey",1983,1988,"883",94170,"ECHIND","Echinodium Jur.","No Height Class","C","Occasional",33,"Non-Vascular",6,1,"ECHIND"
"25674","Banks Peninsula Botanical Survey",1983,1988,"918",95077,"ASPBXT","Asplenium bulbiferum × terrestre","No Height Class","B-C","Common-Occasional",28,"Vascular",5,2,"ASPBXT"
"25873","Banks Peninsula Botanical Survey",1983,1988,"924",94630,"LEPGAU","LEPTOTHECA GAUDICHAUDII","No Height Class","C","Occasional",22,"Non-Vascular",6,1,"LEPGAU"
"25876","Banks Peninsula Botanical Survey",1983,1988,"924",94630,"CLAPLE","Cladonia pleurota (Flörke) Schaer.","No Height Class","C","Occasional",25,"Non-Vascular",6,1,"CLAPLE"
"25949","Banks Peninsula Botanical Survey",1983,1988,"927",94576,"CODFRA","Codium fragile (Suringar) Har.","No Height Class","C","Occasional",3,"Non-Vascular",6,1,"CODFRA"
"26807","Banks Peninsula Botanical Survey",1983,1988,"957",94604,"TRELAC","Treubia lacunosa (Colenso) Prosk.","No Height Class","C","Occasional",39,"Non-Vascular",6,1,"TRELAC"
"27631","Banks Peninsula Botanical Survey",1983,1988,"984",94183,"POLMAG","Polytrichadelphus magellanicus (Hedw.) Mitt.","No Height Class","B-C","Common-Occasional",2,"Non-Vascular",5,2,"POLMAG"
"27657","Banks Peninsula Botanical Survey",1983,1988,"984",94183,"BAEHET","Baeomyces heteromorphus Nyl. ex C.Bab. & Mitt.","No Height Class","B-C","Common-Occasional",15,"Non-Vascular",5,2,"BAEHET"
"27677","Banks Peninsula Botanical Survey",1983,1988,"984",94183,"PELDOL","PELTIGERA DOLICHORHIZA","No Height Class","B-C","Common-Occasional",NA,"Non-Vascular",5,2,"PELDOL"
"28379","Banks Peninsula Botanical Survey",1983,1988,"1009",95195,"GRILAE","Grimmia laevigata (Brid.) Brid.","No Height Class","C","Occasional",19,"Non-Vascular",6,1,"GRILAE"
"28431","Banks Peninsula Botanical Survey",1983,1988,"1010",95194,"DALDIN","Daldinia","No Height Class","C","Occasional",28,"Non-Vascular",6,1,"DALDIN"
"28673","Banks Peninsula Botanical Survey",1983,1988,"1017",94443,"LEPIDO","LEPIDOSPERMA SPECIES","No Height Class","C","Occasional",25,"Non-Vascular",6,1,"LEPIDO"
"28761","Banks Peninsula Botanical Survey",1983,1988,"1019",94395,"DRADIE","DRAPETES DIEFFENBACHII","No Height Class","C","Occasional",30,"Vascular",6,1,"DRADIE"
"28892","Banks Peninsula Botanical Survey",1983,1988,"1023",94406,"COPDIS","Coprinus disseminatus (Pers.) Gray","No Height Class","C","Occasional",14,"Non-Vascular",6,1,"COPDIS"
"29431","Banks Peninsula Botanical Survey",1983,1988,"1041",95185,"BRAALB","BRACHYTHECIUM ALBICANS","No Height Class","C","Occasional",27,"Non-Vascular",6,1,"BRAALB"
"29561","Banks Peninsula Botanical Survey",1983,1988,"1045",94962,"MEGARA","Megaceros arachnoideus Steph.","No Height Class","C","Occasional",18,"Non-Vascular",6,1,"MEGARA"
"29644","Banks Peninsula Botanical Survey",1983,1988,"1047",94447,"SYMHYM","Symphyogyna hymenophyllum (Hook.) Mont. & Nees","No Height Class","C","Occasional",15,"Non-Vascular",6,1,"SYMHYM"
"30041","Banks Peninsula Botanical Survey",1983,1988,"1062",94135,"PARSON","PARSONSIA SPECIES","No Height Class","B","Common",12,"Non-Vascular",4,3,"PARSON"
"30326","Banks Peninsula Botanical Survey",1983,1988,"1071",95151,"ISOLIM","ISOPTERYGIUM LIMATUM","No Height Class","C","Occasional",65,"Non-Vascular",6,1,"ISOLIM"
"30687","Banks Peninsula Botanical Survey",1983,1988,"1082",94398,"BRACHY","BRACHYSCOME SPECIES","No Height Class","B","Common",14,"Non-Vascular",4,3,"BRACHY"
"30851","Banks Peninsula Botanical Survey",1983,1988,"1089",94331,"DACRYM","Dacrymyces Nees","No Height Class","C","Occasional",24,"Non-Vascular",6,1,"DACRYM"
"30961","Banks Peninsula Botanical Survey",1983,1988,"1092",94148,"RACSTM","Racopilum strumiferum (Müll.Hal.) Mitt.","No Height Class","B-C","Common-Occasional",25,"Non-Vascular",5,2,"RACSTM"
"31256","Banks Peninsula Botanical Survey",1983,1988,"1103",94954,"PSEFLA","Pseudocyphellaria flavicans","No Height Classes","B","Common",45,"Non-Vascular",4,3,"PSEFLA"
"32103","Banks Peninsula Botanical Survey",1983,1988,"1130",94953,"BRAROB","Brachythecium robustum (Schimp.) Loeske","No Height Class","C","Occasional",33,"Non-Vascular",6,1,"BRAROB"
"32651","Banks Peninsula Botanical Survey",1983,1988,"1145",94214,"TONBUL","Toninia bullata (Meyen & Flot.) Zahlbr.","No Height Class","B-C","Common-Occasional",35,"Non-Vascular",5,2,"TONBUL"
"32663","Banks Peninsula Botanical Survey",1983,1988,"1145",94214,"POA","POA SPECIES","No Height Class","C","Occasional",47,"Vascular",6,1,"POA"
"32668","Banks Peninsula Botanical Survey",1983,1988,"1145",94214,"DICBIL","DICRANUM BILLARDIEREI","No Height Class","C","Occasional",52,"Non-Vascular",6,1,"DICBIL"
"32815","Banks Peninsula Botanical Survey",1983,1988,"1150",95125,"TORTEN","Tortula tenella Broth.","No Height Class","C","Occasional",21,"Non-Vascular",6,1,"TORTEN"
"33296","Banks Peninsula Botanical Survey",1983,1988,"1165",94759,"ULOVIR","Ulota viridis Venturi","No Height Class","C","Occasional",20,"Non-Vascular",6,1,"ULOVIR"
"33365","Banks Peninsula Botanical Survey",1983,1988,"1166",94762,"PAPFLA","PAPILLARIA FLAVO-LIMBATA","No Height Class","C","Occasional",57,"Non-Vascular",6,1,"PAPFLA"
"33560","Banks Peninsula Botanical Survey",1983,1988,"1173",94128,"DEYEUX","DEYEUXIA SPECIES","No Height Class","B-C","Common-Occasional",10,"Vascular",5,2,"DEYEUX"
"35031","Banks Peninsula Botanical Survey",1983,1988,"1216",94114,"LEJEUN","LEJEUNEA SPECIES","No Height Class","A-B","Abundant-Common",6,"Non-Vascular",3,4,"LEJEUN"
"35457","Banks Peninsula Botanical Survey",1983,1988,"1229",94632,"RAMCEL","Ramalina celastri (Spreng.) Krog & Swinscow","No Height Class","C","Occasional",38,"Non-Vascular",6,1,"RAMCEL"
"36267","Banks Peninsula Botanical Survey",1983,1988,"1264",94908,"RACLAN","RACOMITRIUM LANUGINOSUM","No Height Class","C","Occasional",26,"Non-Vascular",6,1,"RACLAN"
"36324","Banks Peninsula Botanical Survey",1983,1988,"1266",94895,"HYPHOO","Hypoxis hookeri Geerinck","No Height Class","C","Occasional",22,"Vascular",6,1,"HYPHOO"
"36379","Banks Peninsula Botanical Survey",1983,1988,"1269",94905,"APHAUS","Aphanes australiana (Rothm.) Rothm.","No Height Class","C","Occasional",17,"Vascular",6,1,"APHAUS"
"36411","Banks Peninsula Botanical Survey",1983,1988,"1270",94904,"MUEAXI","MUEHLENBECKIA AXILLARIS","No Height Class","C","Occasional",18,"Vascular",6,1,"MUEAXI"
"36447","Banks Peninsula Botanical Survey",1983,1988,"1271",95219,"RAOMON","RAOULIA MONROI","No Height Class","B-C","Common-Occasional",23,"Vascular",5,2,"RAOMON"
"36525","Banks Peninsula Botanical Survey",1983,1988,"1274",95216,"RAOAUS","RAOULIA AUSTRALIS","No Height Class","C","Occasional",20,"Vascular",6,1,"RAOAUS"
"36557","Banks Peninsula Botanical Survey",1983,1988,"1275",95215,"VULMEG","VULPIA MYUROS VAR. MEGALURA","No Height Class","C","Occasional",19,"Vascular",6,1,"VULMEG"
"36579","Banks Peninsula Botanical Survey",1983,1988,"1276",95214,"ACAGLA","ACAENA GLABRA","No Height Class","B-C","Common-Occasional",16,"Vascular",5,2,"ACAGLA"
"36657","Banks Peninsula Botanical Survey",1983,1988,"1279",94844,"PLEURI","Pleuridium Rabenh.","No Height Class","C","Occasional",11,"Non-Vascular",6,1,"PLEURI"
"36766","Banks Peninsula Botanical Survey",1983,1988,"1282",94882,"MUEEPH","MUEHLENBECKIA EPHEDROIDES","No Height Class","C","Occasional",28,"Vascular",6,1,"MUEEPH"
"36876","Banks Peninsula Botanical Survey",1983,1988,"1286",94983,"ISOBAS","Isolepis basilaris Hook.f.","No Height Class","B","Common",4,"Vascular",4,3,"ISOBAS"
"36886","Banks Peninsula Botanical Survey",1983,1988,"1286",94983,"CHEGLA","CHENOPODIUM GLAUCUM","No Height Class","B-C","Common-Occasional",14,"Vascular",5,2,"CHEGLA"
"36887","Banks Peninsula Botanical Survey",1983,1988,"1286",94983,"LACFIL","LACHNAGROSTIS FILIFORMIS","No Height Class","C","Occasional",15,"Vascular",6,1,"LACFIL"
"36888","Banks Peninsula Botanical Survey",1983,1988,"1286",94983,"TRISTA","TRIGLOCHIN STRIATUM","No Height Class","C","Occasional",16,"Vascular",6,1,"TRISTA"
"36918","Banks Peninsula Botanical Survey",1983,1988,"1288",94981,"ERYVES","ERYNGIUM VESICULOSUM","No Height Class","B","Common",5,"Vascular",4,3,"ERYVES"
"36958","Banks Peninsula Botanical Survey",1983,1988,"1289",94980,"GYPAUS","Gypsophila australis (Schltdl.) A.Gray","No Height Class","C","Occasional",19,"Vascular",6,1,"GYPAUS"
"36984","Banks Peninsula Botanical Survey",1983,1988,"1290",95213,"ACABUC","ACAENA BUCHANANII","No Height Class","B-C","Common-Occasional",12,"Vascular",5,2,"ACABUC"
"37003","Banks Peninsula Botanical Survey",1983,1988,"1291",95212,"CARAPP","CAREX APPRESSA","No Height Class","B","Common",8,"Vascular",4,3,"CARAPP"
"37035","Banks Peninsula Botanical Survey",1983,1988,"1292",95211,"CONWAI","CONVOLVULUS VERECUNDUS SUBSP. WAITAHA","No Height Class","C","Occasional",11,"Vascular",6,1,"CONWAI"
"37197","Banks Peninsula Botanical Survey",1983,1988,"1300",94893,"ZOYMIN","ZOYSIA MINIMA","No Height Class","A","Abundant",1,"Vascular",2,5,"ZOYMIN"
"37202","Banks Peninsula Botanical Survey",1983,1988,"1300",94893,"DESSPI","DESMOSCHOENUS SPIRALIS","No Height Class","C","Occasional",6,"Vascular",6,1,"DESSPI"
"37250","Banks Peninsula Botanical Survey",1983,1988,"1303",94591,"RYTMAC","Rytidosperma maculatum (Zotov) Connor & Edgar","No Height Class","C","Occasional",17,"Vascular",6,1,"RYTMAC"
"37262","Banks Peninsula Botanical Survey",1983,1988,"1305",94588,"GLAFLA","Glaucium flavum Crantz","No Height Class","C","Occasional",4,"Vascular",6,1,"GLAFLA"
"37263","Banks Peninsula Botanical Survey",1983,1988,"1305",94588,"XANFLA","Xanthoparmelia flavescentireagens (Gyeln.) D.J.Galloway","No Height Class","C","Occasional",5,"Non-Vascular",6,1,"XANFLA"
"37273","Banks Peninsula Botanical Survey",1983,1988,"1307",94967,"POTANS","POTENTILLA ANSERINOIDES","No Height Class","B","Common",9,"Vascular",4,3,"POTANS"
"37375","Banks Peninsula Botanical Survey",1983,1988,"1311",94977,"SOLTUB","SOLANUM TUBEROSUM","No Height Class","D","Dominant",1,"Vascular",1,6,"SOLTUB"
"37427","Banks Peninsula Botanical Survey",1983,1988,"1314",95205,"STIPA","STIPA SPECIES","No Height Class","B-C","Common-Occasional",16,"Vascular",5,2,"STIPA"
"37475","Banks Peninsula Botanical Survey",1983,1988,"1317",95208,"CALSOL","CALYSTEGIA SOLDANELLA","No Height Class","B","Common",5,"Vascular",4,3,"CALSOL"
"37498","Banks Peninsula Botanical Survey",1983,1988,"1319",94965,"HAICYL","Hainardia cylindrica (Willd.) Greuter","No Height Class","C","Occasional",10,"Vascular",6,1,"HAICYL"
"37541","Banks Peninsula Botanical Survey",1983,1988,"1321",94972,"PIMURV","PIMELEA URVILLEANA","No Height Class","B","Common",1,"Vascular",4,3,"PIMURV"
"37565","Banks Peninsula Botanical Survey",1983,1988,"1322",94973,"CARPUM","CAREX PUMILA","No Height Class","B-C","Common-Occasional",8,"Vascular",5,2,"CARPUM"
"37627","Banks Peninsula Botanical Survey",1983,1988,"1327",94715,"POTPEC","Potamogeton pectinatus L.","No Height Class","A","Abundant",1,"Vascular",2,5,"POTPEC"
"37629","Banks Peninsula Botanical Survey",1983,1988,"1328",94714,"LAMPAP","Lamprothamnium papulosum (Wallr.) R.D. Wood","No Height Class","A","Abundant",2,"Vascular",2,5,"LAMPAP"
"37630","Banks Peninsula Botanical Survey",1983,1988,"1328",94714,"MYRTRI","Myriophyllum triphyllum Orchard","No Height Class","B","Common",3,"Vascular",4,3,"MYRTRI"
"37631","Banks Peninsula Botanical Survey",1983,1988,"1328",94714,"LEPBIL","Lepilaena bilocularis Kirk","No Height Class","B-C","Common-Occasional",4,"Vascular",5,2,"LEPBIL"
"37632","Banks Peninsula Botanical Survey",1983,1988,"1328",94714,"ZANPAL","Zannichellia palustris L.","No Height Class","B-C","Common-Occasional",5,"Vascular",5,2,"ZANPAL"
"37633","Banks Peninsula Botanical Survey",1983,1988,"1328",94714,"RANLIM","Ranunculus limosella Kirk","No Height Class","B-C","Common-Occasional",6,"Vascular",5,2,"RANLIM"
"37642","Banks Peninsula Botanical Survey",1983,1988,"1333",95222,"ENTERO","Enteromorpha","No Height Class","B-C","Common-Occasional",1,"Non-Vascular",5,2,"ENTERO"
"37646","Banks Peninsula Botanical Survey",1983,1988,"1333",95222,"RUPMEG","Ruppia megacarpa R.Mason","No Height Class","B-C","Common-Occasional",5,"Vascular",5,2,"RUPMEG"
"37661","Banks Peninsula Botanical Survey",1983,1988,"1334",95223,"PUCDIS","Puccinellia distans (L.) Parl.","No Height Class","C","Occasional",12,"Vascular",6,1,"PUCDIS"
"37681","Banks Peninsula Botanical Survey",1983,1988,"1336",94911,"POLHYD","POLYGONUM HYDROPIPER","No Height Class","C","Occasional",13,"Vascular",6,1,"POLHYD"
"37716","Banks Peninsula Botanical Survey",1983,1988,"1340",94918,"CHAROP","Charophyte","No Height Class","C","Occasional",6,"Non-Vascular",6,1,"CHAROP"
"37727","Banks Peninsula Botanical Survey",1983,1988,"ARMS1",94586,"LIBBID","LIBOCEDRUS BIDWILLII","No Height Class","C","Occasional",11,"Vascular",6,1,"LIBBID"
"37733","Banks Peninsula Botanical Survey",1983,1988,"ARMS1",94586,"UNCCLA","UNCINIA CLAVATA","No Height Class","C","Occasional",17,"Vascular",6,1,"UNCCLA"
"37745","Banks Peninsula Botanical Survey",1983,1988,"ARMS1",94586,"HYMSAN","HYMENOPHYLLUM SANGUINOLENTUM","No Height Class","B","Common",29,"Vascular",4,3,"HYMSAN"
"37760","Banks Peninsula Botanical Survey",1983,1988,"ARMS1",94586,"GRABIL","GRAMMITIS BILLARDIEREI","No Height Class","C","Occasional",44,"Vascular",6,1,"GRABIL"
"37777","Banks Peninsula Botanical Survey",1983,1988,"ARMS1",94586,"PSEIMP","Pseudocyphellaria implicata","No Height Class","C","Occasional",61,"Non-Vascular",6,1,"PSEIMP"
